선수명,팀명,playerId,AVG,G,PA,AB,R,H,2B,3B,HR,TB,RBI,SAC,SF,BB,IBB,HBP,SO,GDP,SLG,OBP,OPS,MH,RISP,PH-BA,XBH,GO,AO,GO/AO,GW RBI,BB/K,P/PA,ISOP,XR,GPA
전다민,두산,54214,1.000,6,1,1,2,1,0,0,0,1,1,0,0,0,0,0,0,0,1.000,1.000,2.000,0,1.000,0.000,0,0,0,-,0,-,4.00,0.000,0.7,0.700
류현준,두산,54219,0.500,1,2,2,1,1,0,0,0,1,0,0,0,0,0,0,0,0,0.500,0.500,1.000,0,0.000,0.000,0,0,1,0.00,0,-,1.50,0.000,0.4,0.350
박준순,두산,55252,0.340,63,274,253,38,86,11,5,14,149,45,0,1,15,0,5,54,10,0.589,0.387,0.976,30,0.359,0.000,30,55,59,0.93,8,0.28,3.49,0.249,48.8,0.321
김민석,두산,53554,0.308,88,328,286,38,88,15,2,4,119,34,2,1,37,0,2,58,1,0.416,0.390,0.806,22,0.370,0.375,21,77,64,1.20,7,0.64,4.09,0.108,47.6,0.280
박찬호,두산,64646,0.288,95,405,354,60,102,19,2,5,140,36,7,3,39,1,2,57,8,0.395,0.359,0.754,28,0.265,0.500,26,95,103,0.92,4,0.68,3.95,0.107,51.8,0.260
카메론,두산,56251,0.287,75,314,279,39,80,19,3,9,132,43,0,2,30,0,3,53,9,0.473,0.360,0.833,23,0.244,0.500,31,50,98,0.51,1,0.57,3.54,0.186,46.2,0.280
조수행,두산,66209,0.280,75,100,82,15,23,2,1,0,27,11,7,0,11,0,0,12,1,0.329,0.366,0.695,4,0.280,0.000,3,33,14,2.36,1,0.92,3.88,0.049,11.9,0.247
김대한,두산,69238,0.278,8,22,18,2,5,0,0,0,5,1,1,0,3,0,0,3,1,0.278,0.381,0.659,0,0.250,0.000,0,6,4,1.50,0,1.00,3.32,0.000,2.0,0.241
윤준호,두산,53296,0.265,70,138,117,16,31,5,0,3,45,12,6,3,10,0,2,33,5,0.385,0.326,0.711,8,0.304,1.000,8,28,28,1.00,2,0.30,4.21,0.120,15.0,0.243
세베리노,두산,56236,0.265,9,38,34,3,9,3,0,0,12,3,0,0,4,0,0,12,1,0.353,0.342,0.695,4,0.333,0.000,3,6,7,0.86,0,0.33,3.76,0.088,3.8,0.242
오명진,두산,50208,0.264,49,123,106,12,28,6,2,2,44,12,1,2,14,1,0,22,3,0.415,0.344,0.759,9,0.182,0.286,10,28,30,0.93,2,0.64,4.07,0.151,14.5,0.259
정수빈,두산,79231,0.263,94,372,319,48,84,9,4,6,119,32,8,1,40,1,4,55,4,0.373,0.352,0.725,22,0.282,0.500,19,108,73,1.48,3,0.73,4.12,0.110,45.4,0.252
양의지,두산,76232,0.262,93,369,309,30,81,14,0,12,131,50,0,9,35,1,16,40,10,0.424,0.358,0.782,19,0.213,0.333,26,71,126,0.56,3,0.88,3.74,0.162,51.1,0.267
안재석,두산,51203,0.259,64,253,228,27,59,14,2,6,95,37,1,2,19,1,3,43,3,0.417,0.321,0.738,18,0.265,0.000,22,54,74,0.73,5,0.44,3.78,0.158,31.5,0.249
강승호,두산,63123,0.259,67,198,174,29,45,8,0,7,74,30,1,5,10,0,8,48,6,0.425,0.320,0.745,13,0.212,0.400,15,45,41,1.10,6,0.21,3.81,0.167,25.5,0.250
류승민,두산,53404,0.254,24,83,71,8,18,2,1,0,22,3,2,0,9,0,1,17,0,0.310,0.346,0.656,5,0.176,0.000,3,14,22,0.64,0,0.53,3.90,0.056,9.1,0.233
박지훈,두산,50204,0.253,83,224,190,29,48,4,2,0,56,18,10,0,20,0,4,34,3,0.295,0.336,0.631,10,0.250,0.250,6,60,48,1.25,1,0.59,4.18,0.042,20.9,0.225
손아섭,두산,77532,0.245,44,159,143,15,35,4,0,1,42,14,0,3,13,0,0,29,2,0.294,0.302,0.596,8,0.250,0.111,5,52,30,1.73,1,0.45,4.06,0.049,14.2,0.209
김인태,두산,63257,0.227,41,51,44,4,10,3,0,1,16,4,0,0,4,0,3,17,1,0.364,0.333,0.697,0,0.133,0.241,4,9,8,1.13,0,0.24,4.20,0.136,5.4,0.241
김기연,두산,66112,0.220,26,45,41,6,9,1,0,0,10,7,1,1,1,0,1,6,2,0.244,0.250,0.494,2,0.357,0.000,1,14,13,1.08,1,0.17,3.36,0.024,2.1,0.174
이유찬,두산,67207,0.206,70,116,102,15,21,2,1,1,28,15,1,3,7,0,3,33,0,0.275,0.270,0.545,3,0.139,0.000,4,20,31,0.65,1,0.21,4.03,0.069,9.5,0.190
양석환,두산,64153,0.200,31,113,100,6,20,4,0,1,27,7,0,5,8,1,0,33,2,0.270,0.248,0.518,5,0.000,0.000,5,14,38,0.37,0,0.24,3.87,0.070,8.1,0.179
임종성,두산,54236,0.167,12,18,18,2,3,0,0,1,6,3,0,0,0,0,0,6,0,0.333,0.167,0.500,0,0.333,0.500,1,5,4,1.25,0,0.00,4.17,0.167,1.0,0.158
홍성호,두산,66233,0.133,6,15,15,1,2,0,0,0,2,0,0,0,0,0,0,7,1,0.133,0.133,0.266,0,0.000,0.000,0,2,4,0.50,0,0.00,4.33,0.000,-0.6,0.093
김동주,두산,51230,-,1,0,0,0,0,0,0,0,0,0,0,0,0,0,0,0,0,-,-,-,0,0.000,0.000,0,0,0,-,0,-,-,-,0.0,0.000
김정우,두산,68830,-,1,0,0,0,0,0,0,0,0,0,0,0,0,0,0,0,0,-,-,-,0,0.000,0.000,0,0,0,-,0,-,-,-,0.0,0.000
박성재,두산,51298,0.000,4,5,5,0,0,0,0,0,0,0,0,0,0,0,0,2,0,0.000,0.000,0.000,0,0.000,0.000,0,2,1,2.00,0,0.00,4.00,0.000,-0.5,0.000
박신지,두산,68249,-,1,0,0,0,0,0,0,0,0,0,0,0,0,0,0,0,0,-,-,-,0,0.000,0.000,0,0,0,-,0,-,-,-,0.0,0.000
박정수,두산,65639,-,1,0,0,0,0,0,0,0,0,0,0,0,0,0,0,0,0,-,-,-,0,0.000,0.000,0,0,0,-,0,-,-,-,0.0,0.000
양재훈,두산,55215,-,1,0,0,0,0,0,0,0,0,0,0,0,0,0,0,0,0,-,-,-,0,0.000,0.000,0,0,0,-,0,-,-,-,0.0,0.000
윤태호,두산,52202,-,1,0,0,0,0,0,0,0,0,0,0,0,0,0,0,0,0,-,-,-,0,0.000,0.000,0,0,0,-,0,-,-,-,0.0,0.000
이병헌,두산,52204,-,1,0,0,0,0,0,0,0,0,0,0,0,0,0,0,0,0,-,-,-,0,0.000,0.000,0,0,0,-,0,-,-,-,0.0,0.000
이영하,두산,66291,-,1,0,0,0,0,0,0,0,0,0,0,0,0,0,0,0,0,-,-,-,0,0.000,0.000,0,0,0,-,0,-,-,-,0.0,0.000
최주형,두산,56215,-,1,0,0,0,0,0,0,0,0,0,0,0,0,0,0,0,0,-,-,-,0,0.000,0.000,0,0,0,-,0,-,-,-,0.0,0.000
최지강,두산,52206,-,1,0,0,0,0,0,0,0,0,0,0,0,0,0,0,0,0,-,-,-,0,0.000,0.000,0,0,0,-,0,-,-,-,0.0,0.000
박재엽,롯데,55563,0.667,5,3,3,1,2,1,0,0,3,3,0,0,0,0,0,1,0,1.000,0.667,1.667,0,1.000,1.000,1,0,0,-,1,0.00,5.00,0.333,1.1,0.550
정대선,롯데,53568,0.500,4,2,2,0,1,0,0,0,1,0,0,0,0,0,0,0,0,0.500,0.500,1.000,0,0.000,0.000,0,0,1,0.00,0,-,2.50,0.000,0.4,0.350
레이예스,롯데,54529,0.347,95,417,375,48,130,22,1,13,193,70,0,3,37,7,2,47,6,0.515,0.405,0.920,37,0.396,0.000,36,103,98,1.05,4,0.79,3.70,0.168,71.6,0.311
박찬형,롯데,55530,0.321,12,31,28,6,9,0,0,1,12,2,0,0,2,0,1,11,0,0.429,0.387,0.816,2,0.222,0.500,1,6,2,3.00,0,0.18,3.55,0.107,4.7,0.281
박건우,롯데,55509,0.313,18,17,16,1,5,1,0,0,6,1,0,0,1,0,0,6,1,0.375,0.353,0.728,1,0.000,0.000,1,5,0,-,0,0.17,3.41,0.063,1.7,0.253
황성빈,롯데,50500,0.289,75,302,277,43,80,8,7,0,102,23,4,2,18,0,1,49,1,0.368,0.332,0.700,24,0.333,0.333,15,102,48,2.13,1,0.37,3.84,0.079,38.6,0.241
한동희,롯데,68525,0.286,60,246,220,28,63,10,0,8,97,32,0,3,20,3,3,44,12,0.441,0.350,0.791,16,0.259,0.000,18,67,49,1.37,5,0.45,3.63,0.155,31.1,0.268
고승민,롯데,69517,0.281,65,288,260,45,73,13,2,7,111,42,1,3,24,1,0,53,0,0.427,0.338,0.765,24,0.352,0.000,22,59,78,0.76,3,0.45,4.01,0.146,38.7,0.259
장두성,롯데,68507,0.268,64,165,153,21,41,4,1,0,47,15,2,1,7,0,2,37,0,0.307,0.307,0.614,12,0.371,0.250,5,39,37,1.05,3,0.19,3.62,0.039,17.8,0.215
전민재,롯데,68205,0.267,92,330,300,33,80,14,0,8,118,47,2,3,22,0,3,69,6,0.393,0.320,0.713,22,0.278,0.000,22,79,75,1.05,8,0.32,3.69,0.127,38.4,0.242
한태양,롯데,52568,0.266,46,144,128,25,34,7,1,0,43,5,1,0,14,0,1,30,1,0.336,0.343,0.679,8,0.147,0.000,8,32,32,1.00,1,0.47,4.03,0.070,16.8,0.238
나승엽,롯데,51551,0.260,56,222,196,23,51,9,0,5,75,31,0,3,23,0,0,33,6,0.383,0.333,0.716,16,0.345,1.000,14,55,60,0.92,2,0.70,3.86,0.122,25.8,0.246
박승욱,롯데,62802,0.259,73,127,116,14,30,6,0,1,39,16,2,0,8,0,1,35,3,0.336,0.312,0.648,6,0.324,0.571,7,29,22,1.32,1,0.23,3.76,0.078,11.5,0.224
손성빈,롯데,51528,0.239,89,244,218,24,52,12,0,3,73,21,6,1,15,0,4,46,2,0.335,0.298,0.633,10,0.217,0.000,15,51,70,0.73,2,0.33,3.93,0.096,22.5,0.218
윤동희,롯데,52591,0.231,55,213,186,20,43,12,0,4,67,14,0,0,24,2,3,53,4,0.360,0.329,0.689,9,0.267,0.000,16,34,56,0.61,2,0.45,4.02,0.129,21.8,0.238
유강남,롯데,61102,0.229,46,111,105,8,24,5,0,3,38,8,0,1,4,0,1,28,1,0.362,0.261,0.623,4,0.115,0.067,8,25,29,0.86,0,0.14,3.76,0.133,10.1,0.208
노진혁,롯데,62931,0.228,67,187,162,13,37,11,0,5,63,24,1,3,19,0,2,36,4,0.389,0.312,0.701,9,0.250,0.250,16,37,55,0.67,3,0.53,3.89,0.160,20.9,0.238
전준우,롯데,78513,0.217,54,199,184,12,40,6,0,2,52,13,0,2,13,0,0,30,5,0.283,0.266,0.549,9,0.174,0.500,8,52,64,0.81,0,0.43,3.70,0.065,13.0,0.190
김동현,롯데,55502,0.216,17,42,37,6,8,1,1,2,17,6,0,0,4,0,1,9,1,0.459,0.310,0.769,3,0.375,0.200,4,7,13,0.54,0,0.44,3.90,0.243,5.3,0.254
김동혁,롯데,52504,0.214,30,18,14,9,3,0,0,0,3,1,1,0,3,0,0,4,0,0.214,0.353,0.567,0,0.333,0.000,0,5,2,2.50,0,0.75,4.17,0.000,0.9,0.212
손호영,롯데,50150,0.214,63,171,154,19,33,9,0,4,54,17,0,2,12,0,3,34,3,0.351,0.281,0.632,6,0.150,0.143,13,35,54,0.65,2,0.35,3.71,0.136,15.5,0.214
김세민,롯데,52514,0.211,44,45,38,11,8,3,0,1,14,2,2,0,5,0,0,10,1,0.368,0.302,0.670,0,0.000,1.000,4,9,11,0.82,0,0.50,3.49,0.158,4.2,0.228
신윤후,롯데,69508,0.211,26,20,19,7,4,2,0,0,6,0,0,0,1,0,0,8,1,0.316,0.250,0.566,1,0.000,0.000,2,4,3,1.33,0,0.13,3.95,0.105,1.0,0.192
정보근,롯데,68518,0.200,8,5,5,0,1,0,0,0,1,0,0,0,0,0,0,3,0,0.200,0.200,0.400,0,0.000,0.000,0,1,0,-,0,0.00,3.40,0.000,0.1,0.140
최항,롯데,62884,0.182,4,13,11,1,2,0,0,0,2,0,0,0,1,0,1,4,0,0.182,0.308,0.490,1,0.000,0.000,0,2,3,0.67,0,0.25,4.08,0.000,0.8,0.184
조세진,롯데,52516,0.167,8,26,24,1,4,0,1,1,9,4,0,0,2,0,0,8,0,0.375,0.231,0.606,1,0.500,0.000,2,6,6,1.00,0,0.25,3.88,0.208,2.3,0.198
김민성,롯데,77564,0.148,16,32,27,3,4,1,0,1,8,4,0,0,5,0,0,5,1,0.296,0.281,0.577,1,0.000,0.000,2,8,10,0.80,0,1.00,4.25,0.148,2.4,0.200
이호준,롯데,54598,0.079,44,45,38,4,3,1,0,0,4,1,0,0,7,0,0,12,0,0.105,0.222,0.327,0,0.071,0.000,1,10,13,0.77,1,0.58,4.20,0.026,0.7,0.126
김강현,롯데,65522,-,1,0,0,0,0,0,0,0,0,0,0,0,0,0,0,0,0,-,-,-,0,0.000,0.000,0,0,0,-,0,-,-,-,0.0,0.000
김원중,롯데,62528,-,2,0,0,0,0,0,0,0,0,0,0,0,0,0,0,0,0,-,-,-,0,0.000,0.000,0,0,0,-,0,-,-,-,0.0,0.000
김한홀,롯데,56595,0.000,7,1,1,1,0,0,0,0,0,0,0,0,0,0,0,1,0,0.000,0.000,0.000,0,0.000,0.000,0,0,0,-,0,0.00,3.00,0.000,0.1,0.000
로드리게스,롯데,56531,-,1,0,0,0,0,0,0,0,0,0,0,0,0,0,0,0,0,-,-,-,0,0.000,0.000,0,0,0,-,0,-,-,-,0.0,0.000
윤성빈,롯데,67588,-,1,0,0,0,0,0,0,0,0,0,0,0,0,0,0,0,0,-,-,-,0,0.000,0.000,0,0,0,-,0,-,-,-,0.0,0.000
이서준,롯데,56563,0.000,4,3,3,0,0,0,0,0,0,0,0,0,0,0,0,1,0,0.000,0.000,0.000,0,0.000,0.000,0,2,0,-,0,0.00,3.33,0.000,-0.3,0.000
이승헌,롯데,68529,-,1,0,0,0,0,0,0,0,0,0,0,0,0,0,0,0,0,-,-,-,0,0.000,0.000,0,0,0,-,0,-,-,-,0.0,0.000
조민영,롯데,55534,0.000,1,3,3,0,0,0,0,0,0,0,0,0,0,0,0,1,0,0.000,0.000,0.000,0,0.000,0.000,0,2,0,-,0,0.00,3.67,0.000,-0.3,0.000
최준용,롯데,50556,-,4,0,0,0,0,0,0,0,0,0,0,0,0,0,0,0,0,-,-,-,0,0.000,0.000,0,0,0,-,0,-,-,-,0.0,0.000
현도훈,롯데,68260,-,1,0,0,0,0,0,0,0,0,0,0,0,0,0,0,0,0,-,-,-,0,0.000,0.000,0,0,0,-,0,-,-,-,0.0,0.000
이창용,삼성,51407,0.500,2,2,2,0,1,0,0,0,1,0,0,0,0,0,0,1,0,0.500,0.500,1.000,0,0.000,0.500,0,0,0,-,0,0.00,5.00,0.000,0.4,0.350
구자욱,삼성,62404,0.350,76,329,283,59,99,16,4,10,153,71,1,4,38,2,3,46,2,0.541,0.427,0.968,30,0.415,0.500,30,54,88,0.61,12,0.83,3.91,0.191,62.6,0.327
김지찬,삼성,50458,0.330,93,366,303,73,100,7,2,0,111,30,8,3,48,1,4,24,2,0.366,0.425,0.791,30,0.404,0.273,9,97,85,1.14,2,2.00,3.77,0.036,54.7,0.283
최형우,삼성,72443,0.328,90,388,323,43,106,17,0,12,159,70,0,6,55,4,4,59,13,0.492,0.425,0.917,28,0.358,0.400,29,77,87,0.89,7,0.93,3.93,0.164,65.3,0.314
김현준,삼성,51417,0.320,15,34,25,6,8,1,0,0,9,8,0,1,4,0,4,6,0,0.360,0.471,0.831,1,0.417,0.714,1,6,6,1.00,1,0.67,3.85,0.040,5.7,0.302
김성윤,삼성,67449,0.309,78,309,265,52,82,15,2,3,110,34,8,2,32,0,2,30,5,0.415,0.385,0.800,25,0.333,0.455,20,96,59,1.63,5,1.07,3.63,0.106,44.2,0.277
디아즈,삼성,54400,0.296,95,427,371,58,110,22,0,16,180,81,0,5,49,3,2,67,10,0.485,0.377,0.862,32,0.336,0.000,38,78,121,0.64,4,0.73,3.83,0.189,66.4,0.291
류지혁,삼성,62234,0.291,91,364,309,45,90,14,5,5,129,50,5,3,41,1,6,50,7,0.417,0.382,0.799,27,0.337,0.250,24,103,69,1.49,4,0.82,4.02,0.126,52.9,0.276
박승규,삼성,69418,0.289,70,263,218,46,63,10,5,9,110,34,0,2,40,1,3,37,5,0.505,0.403,0.908,13,0.239,0.231,24,56,64,0.88,5,1.08,3.95,0.216,44.8,0.308
김재상,삼성,53400,0.286,8,16,14,1,4,0,0,0,4,1,1,0,1,0,0,4,0,0.286,0.333,0.619,1,0.286,0.000,0,5,1,5.00,0,0.25,3.19,0.000,1.4,0.221
김도환,삼성,69442,0.282,40,97,78,10,22,4,0,2,32,9,3,2,11,0,3,23,2,0.410,0.383,0.793,2,0.227,1.000,6,13,22,0.59,0,0.48,3.80,0.128,13.4,0.275
김헌곤,삼성,61404,0.282,61,83,78,10,22,2,1,0,26,5,0,1,4,0,0,11,2,0.333,0.313,0.646,6,0.188,0.188,3,26,20,1.30,0,0.36,3.33,0.051,7.4,0.224
심재훈,삼성,55438,0.265,28,38,34,3,9,1,0,0,10,1,0,0,4,0,0,8,0,0.294,0.342,0.636,1,0.167,0.000,1,10,7,1.43,0,0.50,3.50,0.029,3.4,0.227
강민호,삼성,74540,0.261,68,220,188,18,49,9,0,6,76,39,0,0,28,0,4,48,3,0.404,0.368,0.772,11,0.344,0.286,15,38,53,0.72,4,0.58,4.03,0.144,28.4,0.267
이재현,삼성,52415,0.234,45,167,137,27,32,4,0,11,69,29,2,3,21,0,4,23,1,0.504,0.345,0.849,7,0.244,0.000,15,27,58,0.47,6,0.91,4.08,0.270,26.9,0.281
전병우,삼성,65586,0.220,80,293,241,37,53,14,0,5,82,32,0,3,32,1,17,79,8,0.340,0.348,0.688,12,0.217,0.333,19,45,67,0.67,1,0.41,4.08,0.120,30.8,0.242
김상준,삼성,55425,0.176,43,59,51,13,9,1,0,0,10,1,1,0,4,0,3,14,0,0.196,0.276,0.472,1,0.083,1.000,1,19,9,2.11,0,0.29,3.47,0.020,3.1,0.173
박세혁,삼성,62244,0.175,25,44,40,6,7,1,0,0,8,0,0,0,4,0,0,9,1,0.200,0.250,0.450,0,0.000,0.000,1,15,9,1.67,0,0.44,3.82,0.025,1.7,0.163
김영웅,삼성,52430,0.172,26,104,99,7,17,2,0,2,25,9,0,1,4,0,0,30,1,0.253,0.202,0.455,4,0.167,0.000,4,23,30,0.77,1,0.13,4.05,0.081,4.6,0.154
박계범,삼성,64468,0.171,25,37,35,6,6,0,0,1,9,2,0,0,2,0,0,13,2,0.257,0.216,0.473,2,0.071,0.000,1,9,7,1.29,0,0.15,3.51,0.086,1.2,0.161
김재혁,삼성,52424,0.167,10,6,6,1,1,0,0,0,1,0,0,0,0,0,0,2,0,0.167,0.167,0.334,0,0.000,0.000,0,2,1,2.00,0,0.00,5.17,0.000,0.0,0.117
김태훈,삼성,65040,0.167,3,7,6,0,1,1,0,0,2,0,0,0,1,0,0,1,1,0.333,0.286,0.619,0,0.000,0.000,1,2,2,1.00,0,1.00,3.57,0.167,0.2,0.212
양우현,삼성,69403,0.167,62,108,90,15,15,4,0,1,22,9,1,3,12,0,2,26,0,0.244,0.271,0.515,2,0.107,0.400,5,33,19,1.74,1,0.46,3.70,0.078,8.3,0.183
홍현빈,삼성,67005,0.125,9,8,8,1,1,0,0,0,1,1,0,0,0,0,0,3,1,0.125,0.125,0.250,0,0.250,0.000,0,2,2,1.00,0,0.00,3.00,0.000,-0.5,0.088
장승현,삼성,63202,0.111,52,33,27,1,3,0,0,0,3,0,2,0,3,0,1,11,3,0.111,0.226,0.337,0,0.000,0.000,0,5,8,0.63,0,0.27,3.70,0.000,-0.4,0.129
이성규,삼성,66409,0.083,17,20,12,6,1,0,0,0,1,0,2,0,6,0,0,7,1,0.083,0.389,0.472,0,0.000,0.000,0,2,2,1.00,0,0.86,4.10,0.000,1.2,0.196
이해승,삼성,69416,0.071,20,16,14,1,1,0,0,0,1,1,1,0,1,0,0,6,0,0.071,0.133,0.204,0,0.000,0.000,0,3,4,0.75,1,0.17,4.63,0.000,-0.3,0.078
함수호,삼성,55440,0.063,11,18,16,0,1,0,0,0,1,2,0,0,2,0,0,5,0,0.063,0.167,0.230,0,0.167,0.200,0,8,2,4.00,0,0.40,3.61,0.000,-0.2,0.091
김재윤,삼성,65062,-,1,0,0,0,0,0,0,0,0,0,0,0,0,0,0,0,0,-,-,-,0,0.000,0.000,0,0,0,-,0,-,-,-,0.0,0.000
윤정빈,삼성,68463,0.000,1,3,3,0,0,0,0,0,0,0,0,0,0,0,0,3,0,0.000,0.000,0.000,0,0.000,0.000,0,0,0,-,0,0.00,4.67,0.000,-0.3,0.000
이병헌,삼성,69428,-,1,0,0,0,0,0,0,0,0,0,0,0,0,0,0,0,0,-,-,-,0,0.000,0.000,0,0,0,-,0,-,-,-,0.0,0.000
이승현,삼성,60146,-,3,0,0,0,0,0,0,0,0,0,0,0,0,0,0,0,0,-,-,-,0,0.000,0.000,0,0,0,-,0,-,-,-,0.0,0.000
임기영,삼성,62754,-,1,0,0,0,0,0,0,0,0,0,0,0,0,0,0,0,0,-,-,-,0,0.000,0.000,0,0,0,-,0,-,-,-,0.0,0.000
차승준,삼성,55435,0.000,1,1,1,0,0,0,0,0,0,0,0,0,0,0,0,1,0,0.000,0.000,0.000,0,0.000,0.000,0,0,0,-,0,0.00,6.00,0.000,-0.1,0.000
데이비슨,키움,54944,0.294,78,319,282,31,83,15,1,11,133,52,0,3,15,1,19,71,6,0.472,0.367,0.839,22,0.329,0.500,27,50,81,0.62,7,0.21,3.82,0.177,47.7,0.283
서건창,키움,78168,0.289,62,286,242,35,70,9,3,1,88,19,5,1,31,2,7,27,7,0.364,0.384,0.748,18,0.333,0.500,13,78,68,1.15,1,1.15,3.64,0.074,34.7,0.264
추재현,키움,68362,0.286,35,131,119,11,34,4,0,3,47,9,1,0,9,0,2,20,7,0.395,0.346,0.741,9,0.192,0.000,7,33,32,1.03,0,0.45,4.08,0.109,14.1,0.254
김동헌,키움,53344,0.267,22,66,60,5,16,6,0,1,25,9,1,0,3,0,2,16,0,0.417,0.323,0.740,5,0.278,1.000,7,11,17,0.65,0,0.19,3.33,0.150,7.9,0.250
안치홍,키움,79608,0.265,84,353,313,34,83,12,0,7,116,38,0,3,35,2,2,49,11,0.371,0.340,0.711,18,0.278,0.500,19,81,103,0.79,6,0.71,3.74,0.105,39.1,0.246
히우라,키움,56305,0.263,41,184,160,22,42,4,0,7,67,27,0,1,20,0,3,57,3,0.419,0.353,0.772,10,0.311,0.000,11,24,38,0.63,4,0.35,4.13,0.156,24.6,0.264
임병욱,키움,64346,0.258,62,212,194,26,50,12,0,8,86,24,1,2,10,0,5,67,2,0.443,0.308,0.751,13,0.182,0.429,20,37,42,0.88,2,0.15,3.87,0.186,27.3,0.249
박찬혁,키움,52348,0.257,56,191,167,19,43,6,0,6,67,19,3,1,15,0,5,47,4,0.401,0.335,0.736,10,0.182,0.333,12,39,39,1.00,0,0.32,3.74,0.144,22.7,0.251
김건희,키움,53312,0.254,91,305,272,22,69,14,0,6,101,38,3,3,26,1,1,82,5,0.371,0.318,0.689,15,0.315,0.071,20,63,61,1.03,4,0.32,3.90,0.118,32.8,0.236
김웅빈,키움,65898,0.250,56,191,172,19,43,6,1,7,72,18,0,0,15,0,4,50,0,0.419,0.325,0.744,12,0.125,0.091,14,35,44,0.80,3,0.30,3.94,0.169,24.4,0.251
이주형,키움,50167,0.245,24,103,94,12,23,9,1,2,40,12,1,0,5,0,3,21,0,0.426,0.304,0.730,5,0.250,0.000,12,27,23,1.17,3,0.24,3.75,0.181,12.8,0.243
박주홍,키움,50357,0.237,45,159,135,17,32,6,1,2,46,7,0,0,20,0,4,43,2,0.341,0.352,0.693,7,0.136,0.500,9,38,22,1.73,1,0.47,4.25,0.104,18.1,0.244
최주환,키움,76267,0.237,85,285,245,22,58,10,1,3,79,30,3,2,34,1,1,38,8,0.322,0.330,0.652,14,0.246,0.308,14,63,88,0.72,1,0.89,4.27,0.086,27.1,0.229
송지후,키움,54394,0.233,13,35,30,3,7,1,0,0,8,0,1,0,3,0,1,8,0,0.267,0.324,0.591,2,0.000,0.000,1,9,6,1.50,0,0.38,3.80,0.033,3.0,0.213
김지석,키움,56326,0.224,17,56,49,3,11,1,0,1,15,3,3,1,1,0,2,9,1,0.306,0.264,0.570,2,0.182,0.000,2,20,10,2.00,0,0.11,3.95,0.082,4.3,0.195
어준서,키움,55392,0.217,24,76,69,6,15,1,0,0,16,2,1,1,3,0,2,20,0,0.232,0.267,0.499,3,0.071,0.333,1,19,16,1.19,0,0.15,4.20,0.014,4.8,0.178
브룩스,키움,56322,0.217,41,161,143,11,31,6,0,0,37,16,0,3,14,0,1,24,1,0.259,0.286,0.545,6,0.364,0.500,6,33,58,0.57,0,0.58,3.84,0.042,12.6,0.193
임지열,키움,64340,0.211,30,83,71,9,15,3,0,1,21,4,2,0,9,0,1,22,4,0.296,0.309,0.605,1,0.182,0.222,4,19,15,1.27,1,0.41,4.00,0.085,5.4,0.213
권혁빈,키움,55371,0.211,66,181,166,15,35,5,0,0,40,14,4,1,7,0,3,44,2,0.241,0.254,0.495,6,0.225,0.000,5,46,42,1.10,1,0.16,3.58,0.030,9.6,0.175
여동욱,키움,55393,0.207,41,104,82,11,17,2,0,3,28,6,1,1,15,0,5,33,1,0.341,0.359,0.700,2,0.045,0.167,5,18,15,1.20,0,0.45,4.16,0.134,12.5,0.247
이형종,키움,78135,0.206,48,147,126,17,26,5,0,4,43,16,1,0,17,0,3,41,3,0.341,0.315,0.656,5,0.200,0.333,9,35,24,1.46,0,0.41,4.37,0.135,14.6,0.227
박수종,키움,52305,0.204,44,57,49,10,10,2,0,0,12,2,2,0,5,0,1,9,1,0.245,0.291,0.536,1,0.133,0.000,2,19,11,1.73,1,0.56,3.67,0.041,3.6,0.192
원성준,키움,54307,0.200,8,24,20,2,4,0,0,0,4,2,1,0,3,0,0,5,0,0.200,0.304,0.504,1,0.333,0.000,0,2,9,0.22,2,0.60,3.42,0.000,1.6,0.187
오선진,키움,78756,0.197,52,69,61,5,12,2,0,0,14,3,4,0,4,0,0,12,1,0.230,0.246,0.476,1,0.133,0.000,2,22,15,1.47,2,0.33,3.90,0.033,3.1,0.168
전태현,키움,55397,0.188,6,16,16,1,3,1,0,0,4,0,0,0,0,0,0,5,0,0.250,0.188,0.438,0,0.000,0.500,1,5,3,1.67,0,0.00,4.13,0.063,0.5,0.147
박채울,키움,54303,0.182,12,12,11,1,2,0,0,0,2,0,1,0,0,0,0,4,1,0.182,0.182,0.364,0,0.000,0.000,0,2,3,0.67,0,0.00,3.00,0.000,-0.2,0.127
양현종,키움,55370,0.175,15,46,40,4,7,2,0,2,15,5,0,1,5,0,0,19,0,0.375,0.261,0.636,1,0.083,0.250,4,7,8,0.88,0,0.26,4.02,0.200,4.8,0.211
김태진,키움,64984,0.167,9,14,12,2,2,0,0,0,2,0,0,0,2,0,0,4,0,0.167,0.286,0.453,0,0.200,0.167,0,0,6,0.00,0,0.50,4.79,0.000,0.7,0.170
박성빈,키움,53305,0.130,15,24,23,1,3,0,0,0,3,1,0,0,0,0,1,8,0,0.130,0.167,0.297,0,0.500,0.000,0,4,8,0.50,0,0.00,3.71,0.000,0.0,0.108
박한결,키움,56304,0.128,14,41,39,1,5,1,0,0,6,0,0,0,2,0,0,12,0,0.154,0.171,0.325,1,0.000,0.000,1,12,10,1.20,0,0.17,4.07,0.026,0.2,0.115
주성원,키움,69332,0.125,11,20,16,2,2,0,0,0,2,0,0,0,3,0,1,6,0,0.125,0.300,0.425,0,0.000,0.250,0,5,3,1.67,0,0.50,3.65,0.000,1.1,0.166
최재영,키움,56338,0.107,25,31,28,7,3,1,0,0,4,4,0,1,2,0,0,12,1,0.143,0.161,0.304,1,0.200,0.000,1,8,6,1.33,0,0.17,4.61,0.036,0.1,0.108
염승원,키움,55339,0.077,5,14,13,0,1,0,0,0,1,0,1,0,0,0,0,5,0,0.077,0.077,0.154,0,0.000,0.000,0,3,4,0.75,0,0.00,3.50,0.000,-0.6,0.054
김윤하,키움,54319,-,1,0,0,0,0,0,0,0,0,0,0,0,0,0,0,0,0,-,-,-,0,0.000,0.000,0,0,0,-,0,-,-,-,0.0,0.000
김재현,키움,62332,0.000,5,10,9,0,0,0,0,0,0,0,0,0,0,0,1,6,0,0.000,0.100,0.100,0,0.000,0.000,0,2,1,2.00,0,0.00,5.20,0.000,-0.5,0.045
박병호,키움,75125,-,1,0,0,0,0,0,0,0,0,0,0,0,0,0,0,0,0,-,-,-,0,0.000,0.000,0,0,0,-,0,-,-,-,0.0,0.000
박지성,키움,56337,-,1,0,0,0,0,0,0,0,0,0,0,0,0,0,0,0,0,-,-,-,0,0.000,0.000,0,0,0,-,0,-,-,-,0.0,0.000
박진형,키움,63512,-,1,0,0,0,0,0,0,0,0,0,0,0,0,0,0,0,0,-,-,-,0,0.000,0.000,0,0,0,-,0,-,-,-,0.0,0.000
조영건,키움,69360,-,1,0,0,0,0,0,0,0,0,0,0,0,0,0,0,0,0,-,-,-,0,0.000,0.000,0,0,0,-,0,-,-,-,0.0,0.000
권광민,한화,52769,0.333,5,7,6,0,2,0,0,0,2,1,0,0,1,0,0,4,0,0.333,0.429,0.762,0,0.667,0.000,0,0,0,-,0,0.25,5.29,0.000,0.6,0.276
강백호,한화,68050,0.315,82,358,314,53,99,18,0,23,186,86,0,4,39,3,1,70,6,0.592,0.388,0.980,29,0.387,0.000,41,83,66,1.26,7,0.56,4.25,0.277,67.1,0.323
문현빈,한화,53764,0.306,91,416,363,60,111,24,4,10,173,55,1,3,45,0,4,48,14,0.477,0.386,0.863,32,0.232,0.000,38,113,94,1.20,4,0.94,3.75,0.171,62.9,0.293
페라자,한화,54730,0.304,93,415,342,77,104,24,1,18,184,60,2,5,63,4,3,77,6,0.538,0.412,0.950,28,0.278,0.000,43,60,106,0.57,6,0.82,4.05,0.234,75.0,0.320
허인서,한화,52764,0.291,82,279,244,43,71,9,0,14,122,50,3,2,24,2,6,82,1,0.500,0.366,0.866,14,0.350,0.000,23,33,60,0.55,6,0.29,3.96,0.209,44.6,0.290
최인호,한화,50707,0.288,33,61,52,7,15,3,0,1,21,6,0,2,6,0,1,7,2,0.404,0.361,0.765,5,0.167,0.100,4,15,17,0.88,0,0.86,4.02,0.115,8.1,0.263
장규현,한화,51762,0.286,9,15,14,2,4,1,0,0,5,1,0,0,1,0,0,2,1,0.357,0.333,0.690,0,0.200,0.250,1,4,4,1.00,0,0.50,3.40,0.071,1.3,0.239
한지윤,한화,55767,0.286,7,16,14,3,4,1,0,1,8,8,0,0,2,0,0,4,0,0.571,0.375,0.946,1,0.500,0.750,2,2,4,0.50,0,0.50,4.56,0.286,2.9,0.312
김태연,한화,66704,0.277,83,298,253,40,70,11,2,7,106,26,13,1,26,0,5,48,5,0.419,0.354,0.773,14,0.238,0.000,20,62,74,0.84,2,0.54,3.65,0.142,37.8,0.264
이원석,한화,68700,0.274,74,174,157,25,43,5,2,1,55,14,5,0,11,0,1,32,1,0.350,0.325,0.675,11,0.316,0.333,8,45,37,1.22,1,0.34,3.94,0.076,17.5,0.234
이도윤,한화,65703,0.271,82,286,262,33,71,12,3,2,95,31,4,3,15,1,2,41,1,0.363,0.312,0.675,18,0.323,0.250,17,88,65,1.35,1,0.37,3.73,0.092,30.8,0.231
노시환,한화,69737,0.270,86,391,344,68,93,14,1,21,172,72,1,3,35,0,8,107,10,0.500,0.349,0.849,29,0.257,0.000,36,65,82,0.79,4,0.33,3.97,0.230,57.9,0.282
오재원,한화,56754,0.265,76,167,147,38,39,6,1,0,47,16,3,0,17,0,0,23,3,0.320,0.341,0.661,9,0.265,0.000,7,52,33,1.58,3,0.74,3.74,0.054,17.0,0.233
심우준,한화,64006,0.262,85,299,260,45,68,7,0,4,87,31,6,1,29,0,3,51,1,0.335,0.341,0.676,15,0.268,0.000,11,81,61,1.33,3,0.57,4.16,0.073,35.5,0.237
채은성,한화,79192,0.252,29,120,107,10,27,3,0,2,36,14,0,2,8,0,3,22,5,0.336,0.317,0.653,9,0.250,1.000,5,32,28,1.14,0,0.36,3.81,0.084,11.5,0.227
박정현,한화,50709,0.250,35,54,44,12,11,2,0,2,19,5,2,0,8,0,0,9,0,0.432,0.365,0.797,0,0.200,0.333,4,15,9,1.67,0,0.89,3.44,0.182,7.8,0.272
황영묵,한화,54795,0.236,54,108,89,12,21,5,1,0,28,16,3,0,14,0,2,19,3,0.315,0.352,0.667,3,0.297,0.182,6,31,18,1.72,1,0.74,4.05,0.079,10.0,0.237
이진영,한화,66657,0.228,40,92,79,10,18,2,0,2,26,12,0,1,10,0,2,28,1,0.329,0.326,0.655,5,0.238,0.091,4,20,14,1.43,0,0.36,4.29,0.101,10.0,0.229
유민,한화,52765,0.200,12,29,25,1,5,0,0,0,5,2,0,0,2,0,2,12,0,0.200,0.310,0.510,1,0.111,0.000,0,3,5,0.60,0,0.17,3.93,0.000,2.0,0.190
정은원,한화,68743,0.200,8,11,10,0,2,1,0,0,3,0,0,0,1,0,0,4,0,0.300,0.273,0.573,0,0.000,0.500,1,1,3,0.33,0,0.25,3.91,0.100,0.8,0.198
최재훈,한화,78288,0.174,42,112,92,11,16,0,0,0,16,13,2,2,9,0,7,19,3,0.174,0.291,0.465,1,0.105,0.000,0,29,30,0.97,1,0.47,4.14,0.000,6.2,0.174
김서현,한화,53754,-,1,0,0,0,0,0,0,0,0,0,0,0,0,0,0,0,0,-,-,-,0,0.000,0.000,0,0,0,-,0,-,-,-,0.0,0.000
이도훈,한화,56708,-,4,0,0,2,0,0,0,0,0,0,0,0,0,0,0,0,0,-,-,-,0,0.000,0.000,0,0,0,-,0,-,-,-,0.0,0.000
이민우,한화,65616,-,2,0,0,0,0,0,0,0,0,0,0,0,0,0,0,0,0,-,-,-,0,0.000,0.000,0,0,0,-,0,-,-,-,0.0,0.000
이형범,한화,62951,-,2,0,0,0,0,0,0,0,0,0,0,0,0,0,0,0,0,-,-,-,0,0.000,0.000,0,0,0,-,0,-,-,-,0.0,0.000
정민규,한화,51764,0.000,2,2,2,0,0,0,0,0,0,0,0,0,0,0,0,2,0,0.000,0.000,0.000,0,0.000,0.000,0,0,0,-,0,0.00,4.50,0.000,-0.2,0.000
조동욱,한화,54768,-,1,0,0,0,0,0,0,0,0,0,0,0,0,0,0,0,0,-,-,-,0,0.000,0.000,0,0,0,-,0,-,-,-,0.0,0.000
최유빈,한화,56793,-,4,0,0,1,0,0,0,0,0,0,0,0,0,0,0,0,0,-,-,-,0,0.000,0.000,0,0,0,-,0,-,-,-,0.0,0.000
쿠싱,한화,56760,-,3,0,0,0,0,0,0,0,0,0,0,0,0,0,0,0,0,-,-,-,0,0.000,0.000,0,0,0,-,0,-,-,-,0.0,0.000
카스트로,KIA,56626,0.330,52,219,206,38,68,17,0,11,118,44,0,3,10,1,0,39,5,0.573,0.356,0.929,22,0.321,0.000,28,51,51,1.00,6,0.26,3.68,0.243,37.9,0.303
박정우,KIA,67609,0.314,70,61,51,13,16,1,1,0,19,9,1,0,8,0,1,9,0,0.373,0.417,0.790,3,0.333,0.500,2,13,13,1.00,0,0.89,3.90,0.059,8.5,0.281
김도영,KIA,52605,0.299,97,422,358,78,107,20,1,30,219,81,0,4,55,7,5,70,8,0.612,0.396,1.008,26,0.352,0.000,51,84,101,0.83,9,0.79,3.61,0.313,82.5,0.331
나성범,KIA,62947,0.293,93,378,328,53,96,19,0,21,178,64,0,3,42,0,5,100,7,0.543,0.378,0.921,27,0.362,0.000,40,66,69,0.96,7,0.42,3.91,0.250,64.7,0.306
한준수,KIA,68646,0.287,85,302,247,31,71,19,0,7,111,31,4,2,41,2,8,46,10,0.449,0.403,0.852,20,0.315,0.300,26,56,76,0.74,5,0.89,4.11,0.162,43.4,0.294
박재현,KIA,55636,0.286,92,369,339,53,97,11,3,13,153,46,7,1,22,0,0,72,3,0.451,0.329,0.780,28,0.338,0.000,27,81,90,0.90,5,0.31,3.41,0.165,51.3,0.261
박상준,KIA,52634,0.286,35,117,98,13,28,4,0,4,44,11,0,0,18,0,1,32,0,0.449,0.402,0.851,7,0.207,0.000,8,17,21,0.81,1,0.56,4.08,0.163,18.5,0.293
김민규,KIA,56637,0.282,42,40,39,15,11,4,1,0,17,6,0,0,1,0,0,14,0,0.436,0.300,0.736,2,0.300,0.400,5,9,5,1.80,0,0.07,3.90,0.154,6.1,0.244
김호령,KIA,65653,0.274,95,407,368,58,101,23,2,11,161,49,6,5,25,1,3,108,7,0.438,0.322,0.760,35,0.247,0.000,36,83,81,1.02,5,0.23,3.75,0.163,51.9,0.254
아데를린,KIA,56613,0.264,32,130,121,17,32,5,0,10,67,31,0,1,7,0,1,25,4,0.554,0.308,0.862,8,0.355,0.000,15,28,37,0.76,3,0.28,3.57,0.289,19.9,0.277
하주석,KIA,62700,0.261,30,97,88,7,23,4,0,0,27,8,1,0,5,0,3,24,1,0.307,0.323,0.630,5,0.308,0.333,4,27,14,1.93,1,0.21,3.53,0.045,8.7,0.222
김선빈,KIA,78603,0.257,92,354,303,31,78,15,0,1,96,28,1,1,44,1,5,37,9,0.317,0.360,0.677,23,0.253,0.429,16,118,71,1.66,2,1.19,4.31,0.059,36.3,0.241
김태군,KIA,78122,0.257,46,113,101,11,26,5,0,2,37,7,2,1,6,0,3,16,6,0.366,0.315,0.681,7,0.129,0.000,7,30,30,1.00,0,0.38,3.68,0.109,10.4,0.233
데일,KIA,56632,0.256,34,135,117,20,30,4,0,1,37,6,4,1,13,1,0,14,4,0.316,0.328,0.644,6,0.174,0.500,5,44,30,1.47,0,0.93,3.65,0.060,12.4,0.227
한승연,KIA,52628,0.241,19,36,29,8,7,1,0,1,11,2,0,0,5,0,2,11,0,0.379,0.389,0.768,1,0.125,0.167,2,3,8,0.38,0,0.45,4.44,0.138,5.0,0.270
오선우,KIA,69636,0.241,20,61,54,6,13,4,0,3,26,6,0,0,7,0,0,16,0,0.481,0.328,0.809,1,0.125,0.400,7,14,11,1.27,1,0.44,4.44,0.241,8.8,0.268
김규성,KIA,66614,0.227,88,197,172,23,39,7,2,0,50,26,4,3,17,0,1,41,2,0.291,0.295,0.586,4,0.313,0.286,9,45,50,0.90,2,0.41,3.81,0.064,17.2,0.206
주효상,KIA,66354,0.211,12,20,19,2,4,0,0,0,4,1,0,0,1,0,0,5,0,0.211,0.250,0.461,0,0.250,0.000,0,9,1,9.00,0,0.20,3.70,0.000,1.0,0.165
변우혁,KIA,69727,0.203,29,63,59,7,12,2,0,3,23,8,0,0,3,0,1,18,3,0.390,0.254,0.644,1,0.150,0.200,5,12,17,0.71,1,0.17,4.06,0.186,5.1,0.212
박민,KIA,50657,0.200,73,183,160,18,32,5,0,3,46,20,7,0,14,0,2,31,6,0.288,0.273,0.561,7,0.308,0.000,8,39,58,0.67,0,0.45,3.84,0.088,12.6,0.195
윤도현,KIA,52667,0.182,24,58,55,5,10,0,0,1,13,4,1,0,2,0,0,19,1,0.236,0.211,0.447,1,0.133,0.143,1,12,14,0.86,0,0.11,3.78,0.055,2.3,0.154
정현창,KIA,55926,0.151,83,60,53,9,8,1,1,0,11,6,0,1,3,0,3,23,3,0.208,0.233,0.441,1,0.083,0.000,2,13,10,1.30,1,0.13,4.05,0.057,1.8,0.157
고종욱,KIA,61353,0.143,19,26,21,0,3,0,0,0,3,4,0,1,3,0,1,5,1,0.143,0.269,0.412,0,0.222,0.214,0,10,4,2.50,0,0.60,4.08,0.000,1.4,0.157
이호연,KIA,68504,0.125,6,19,16,0,2,0,0,0,2,0,0,0,2,0,1,7,2,0.125,0.263,0.388,0,0.000,0.000,0,4,3,1.33,0,0.29,3.95,0.000,0.0,0.150
김범수,KIA,65769,-,1,0,0,0,0,0,0,0,0,0,0,0,0,0,0,0,0,-,-,-,0,0.000,0.000,0,0,0,-,0,-,-,-,0.0,0.000
성영탁,KIA,54610,-,2,0,0,0,0,0,0,0,0,0,0,0,0,0,0,0,0,-,-,-,0,0.000,0.000,0,0,0,-,0,-,-,-,0.0,0.000
엄준현,KIA,55631,-,3,0,0,1,0,0,0,0,0,0,0,0,0,0,0,0,0,-,-,-,0,0.000,0.000,0,0,0,-,0,-,-,-,0.0,0.000
이창진,KIA,64560,0.000,1,2,2,0,0,0,0,0,0,0,0,0,0,0,0,1,1,0.000,0.000,0.000,0,0.000,0.000,0,1,0,-,0,0.00,7.50,0.000,-0.6,0.000
홍민규,KIA,55267,-,1,0,0,0,0,0,0,0,0,0,0,0,0,0,0,0,0,-,-,-,0,0.000,0.000,0,0,0,-,0,-,-,-,0.0,0.000
황대인,KIA,65610,0.000,3,4,4,0,0,0,0,0,0,0,0,0,0,0,0,1,0,0.000,0.000,0.000,0,0.000,0.000,0,1,2,0.50,0,0.00,3.25,0.000,-0.4,0.000
안인산,KT,50901,0.500,2,2,2,0,1,0,0,0,1,0,0,0,0,0,0,1,0,0.500,0.500,1.000,0,0.000,0.500,0,0,0,-,0,0.00,5.50,0.000,0.4,0.350
최원준,KT,66606,0.355,88,416,358,76,127,24,3,8,181,48,3,3,46,0,6,57,3,0.506,0.433,0.939,34,0.313,1.000,35,84,93,0.90,5,0.81,3.76,0.151,75.0,0.321
허경민,KT,79240,0.338,60,224,198,35,67,9,0,3,85,29,1,1,17,0,7,20,8,0.429,0.408,0.837,18,0.306,0.000,12,52,60,0.87,2,0.85,3.75,0.091,31.5,0.291
이정훈,KT,67644,0.311,60,75,61,5,19,0,0,1,22,15,0,0,13,0,1,8,0,0.361,0.440,0.801,2,0.409,0.351,1,15,19,0.79,1,1.63,3.81,0.049,11.4,0.288
힐리어드,KT,56034,0.307,92,407,365,69,112,15,3,25,208,86,0,4,38,1,0,113,3,0.570,0.369,0.939,34,0.327,0.000,43,65,79,0.82,10,0.34,3.91,0.263,74.6,0.309
김민혁,KT,64004,0.305,70,273,246,32,75,5,0,1,83,25,4,1,18,0,4,43,5,0.337,0.361,0.698,19,0.312,0.222,6,62,67,0.93,2,0.42,4.04,0.033,29.8,0.247
유준규,KT,51013,0.300,30,49,40,12,12,1,2,0,17,10,3,0,6,0,0,13,0,0.425,0.391,0.816,2,0.583,0.500,3,7,8,0.88,1,0.46,3.94,0.125,7.1,0.282
김상수,KT,79402,0.296,83,322,267,28,79,9,1,1,93,27,9,1,39,0,6,40,8,0.348,0.396,0.744,21,0.312,0.333,11,69,80,0.86,5,0.98,4.11,0.052,37.8,0.265
안현민,KT,52001,0.292,42,183,137,24,40,7,1,4,61,24,0,2,33,1,11,37,3,0.445,0.459,0.904,8,0.364,1.000,12,25,37,0.68,3,0.89,4.44,0.153,31.7,0.318
이재원,KT,56005,0.286,6,7,7,1,2,0,1,1,7,2,0,0,0,0,0,1,0,1.000,0.286,1.286,0,0.000,0.500,2,2,2,1.00,0,0.00,3.00,0.714,2.0,0.379
김현수,KT,76290,0.280,91,408,368,44,103,22,0,7,146,59,0,3,35,0,2,47,11,0.397,0.343,0.740,32,0.307,1.000,29,109,112,0.97,5,0.74,3.80,0.117,47.7,0.254
오윤석,KT,64504,0.279,68,154,140,22,39,7,0,0,46,16,1,1,12,1,0,36,5,0.329,0.333,0.662,7,0.405,0.375,7,35,31,1.13,1,0.33,3.89,0.050,13.9,0.232
권동진,KT,51003,0.276,79,180,152,33,42,11,2,1,60,24,4,0,22,0,2,43,2,0.395,0.375,0.770,7,0.320,0.333,14,33,34,0.97,3,0.51,4.22,0.118,22.6,0.268
류현인,KT,53036,0.275,49,133,120,19,33,9,0,1,45,8,0,1,11,0,1,26,1,0.375,0.338,0.713,9,0.143,0.167,10,30,32,0.94,2,0.42,3.94,0.100,15.3,0.246
강민성,KT,69064,0.250,9,4,4,0,1,0,0,0,1,1,0,0,0,0,0,0,0,0.250,0.250,0.500,0,0.333,0.000,0,1,2,0.50,1,-,2.00,0.000,0.2,0.175
조대현,KT,68089,0.240,21,29,25,4,6,1,0,1,10,2,1,0,3,0,0,6,1,0.400,0.321,0.721,0,0.111,0.000,2,8,5,1.60,0,0.50,3.93,0.160,3.1,0.244
이정범,KT,67807,0.231,6,13,13,0,3,1,0,0,4,0,0,0,0,0,0,4,0,0.308,0.231,0.539,0,0.000,0.000,1,4,2,2.00,0,0.00,3.92,0.077,0.8,0.181
한승택,KT,63722,0.231,78,221,182,21,42,7,0,1,52,21,13,4,20,0,2,49,2,0.286,0.308,0.594,6,0.224,1.000,8,42,53,0.79,0,0.41,4.18,0.055,19.2,0.210
배정대,KT,64166,0.228,67,100,92,19,21,7,1,0,30,11,1,0,4,0,3,27,2,0.326,0.283,0.609,5,0.259,0.222,8,26,18,1.44,3,0.15,3.78,0.098,7.9,0.209
장성우,KT,78548,0.193,60,226,181,31,35,10,0,9,72,37,0,1,42,3,2,57,8,0.398,0.350,0.748,9,0.265,0.125,19,46,44,1.05,5,0.74,4.35,0.204,26.8,0.257
장진혁,KT,66706,0.190,26,23,21,8,4,0,0,0,4,1,0,0,2,0,0,11,0,0.190,0.261,0.451,0,0.250,0.250,0,3,3,1.00,0,0.18,4.04,0.000,0.3,0.165
이강민,KT,56006,0.187,55,162,150,13,28,1,0,0,29,15,2,1,8,0,1,41,4,0.193,0.231,0.424,7,0.273,0.000,1,48,34,1.41,1,0.20,3.78,0.007,4.9,0.152
장준원,KT,64115,0.183,53,72,60,2,11,1,0,2,18,7,5,0,7,0,0,17,1,0.300,0.269,0.569,1,0.130,0.000,3,18,14,1.29,2,0.41,3.51,0.117,5.3,0.196
강현우,KT,50066,0.158,21,23,19,1,3,0,0,0,3,0,0,0,4,0,0,6,1,0.158,0.304,0.462,0,0.000,0.000,0,7,3,2.33,0,0.67,5.00,0.000,1.0,0.176
김민석,KT,54097,0.000,1,2,1,0,0,0,0,0,0,0,0,0,1,0,0,0,0,0.000,0.500,0.500,0,0.000,0.000,0,0,1,0.00,0,-,2.50,0.000,0.3,0.225
김민수,KT,65048,-,1,0,0,0,0,0,0,0,0,0,0,0,0,0,0,0,0,-,-,-,0,0.000,0.000,0,0,0,-,0,-,-,-,0.0,0.000
김정운,KT,53029,-,1,0,0,0,0,0,0,0,0,0,0,0,0,0,0,0,0,-,-,-,0,0.000,0.000,0,0,0,-,0,-,-,-,0.0,0.000
박영현,KT,52060,-,7,0,0,0,0,0,0,0,0,0,0,0,0,0,0,0,0,-,-,-,0,0.000,0.000,0,0,0,-,0,-,-,-,0.0,0.000
안치영,KT,67006,0.000,13,5,4,1,0,0,0,0,0,1,0,0,1,0,0,3,0,0.000,0.200,0.200,0,0.000,0.000,0,1,0,-,0,0.33,4.00,0.000,0.0,0.090
오서진,KT,55005,0.000,3,1,1,0,0,0,0,0,0,0,0,0,0,0,0,0,1,0.000,0.000,0.000,0,0.000,0.000,0,1,0,-,0,-,2.00,0.000,-0.5,0.000
우규민,KT,73117,-,3,0,0,0,0,0,0,0,0,0,0,0,0,0,0,0,0,-,-,-,0,0.000,0.000,0,0,0,-,0,-,-,-,0.0,0.000
전용주,KT,69047,-,1,0,0,0,0,0,0,0,0,0,0,0,0,0,0,0,0,-,-,-,0,0.000,0.000,0,0,0,-,0,-,-,-,0.0,0.000
정준영,KT,53058,-,1,0,0,0,0,0,0,0,0,0,0,0,0,0,0,0,0,-,-,-,0,0.000,0.000,0,0,0,-,0,-,-,-,0.0,0.000
주권,KT,65060,-,3,0,0,0,0,0,0,0,0,0,0,0,0,0,0,0,0,-,-,-,0,0.000,0.000,0,0,0,-,0,-,-,-,0.0,0.000
오스틴,LG,53123,0.334,95,424,362,75,121,20,3,29,234,89,0,3,50,5,9,62,6,0.646,0.425,1.071,31,0.381,0.000,52,73,109,0.67,11,0.81,3.84,0.312,90.1,0.353
문정빈,LG,52121,0.330,43,133,115,18,38,9,2,10,81,31,0,1,16,0,1,34,1,0.704,0.414,1.118,10,0.286,0.500,21,21,23,0.91,4,0.47,4.29,0.374,30.0,0.362
문성주,LG,68119,0.306,64,220,193,17,59,9,0,1,71,20,2,2,20,2,3,27,4,0.368,0.376,0.744,15,0.245,0.222,10,56,53,1.06,5,0.74,3.75,0.062,26.8,0.261
박해민,LG,62415,0.297,95,377,316,55,94,13,1,4,121,41,13,6,34,0,8,47,5,0.383,0.374,0.757,23,0.313,0.000,18,69,112,0.62,5,0.72,3.99,0.085,50.4,0.264
송찬의,LG,68110,0.286,71,242,210,40,60,19,1,8,105,33,0,0,21,0,11,58,8,0.500,0.380,0.880,14,0.250,0.375,28,40,52,0.77,2,0.36,3.83,0.214,36.4,0.296
구본혁,LG,69100,0.278,91,241,209,24,58,6,0,0,64,16,11,1,18,0,2,30,5,0.306,0.339,0.645,15,0.283,0.500,6,73,49,1.49,3,0.60,3.61,0.029,22.8,0.229
천성호,LG,50054,0.277,76,221,202,33,56,14,1,1,75,26,2,0,14,1,3,33,7,0.371,0.333,0.704,16,0.226,0.333,16,75,38,1.97,4,0.42,3.57,0.094,22.9,0.243
홍창기,LG,66108,0.261,87,372,299,54,78,11,2,0,93,25,2,3,55,0,13,82,10,0.311,0.395,0.706,19,0.300,0.000,13,90,52,1.73,3,0.67,4.52,0.050,42.5,0.256
신민재,LG,65207,0.249,93,302,261,30,65,3,0,0,68,18,6,2,31,0,2,39,5,0.261,0.331,0.592,15,0.234,0.000,3,115,44,2.61,1,0.79,3.87,0.011,26.9,0.214
오지환,LG,79109,0.246,88,314,268,36,66,9,0,7,96,45,6,3,33,0,4,60,5,0.358,0.334,0.692,16,0.274,0.000,16,69,76,0.91,3,0.55,4.00,0.112,34.7,0.240
문보경,LG,69102,0.244,69,286,234,28,57,8,0,7,86,42,0,7,44,3,1,55,7,0.368,0.357,0.725,14,0.296,0.000,15,69,60,1.15,5,0.80,4.22,0.124,35.5,0.253
이재원,LG,68106,0.230,39,85,74,6,17,6,0,2,29,11,0,1,6,0,4,29,0,0.392,0.318,0.710,3,0.143,0.333,8,15,14,1.07,2,0.21,4.13,0.162,9.8,0.241
박동원,LG,79365,0.229,86,303,249,38,57,11,0,11,101,45,7,3,40,2,4,71,11,0.406,0.341,0.747,11,0.205,0.000,22,65,59,1.10,4,0.56,3.92,0.177,35.1,0.255
이주헌,LG,52154,0.227,44,80,75,8,17,1,0,3,27,9,1,1,2,0,1,25,1,0.360,0.253,0.613,4,0.273,0.000,4,19,15,1.27,0,0.08,3.79,0.133,7.2,0.204
이영빈,LG,51100,0.222,51,79,72,9,16,2,0,1,21,9,1,1,5,0,0,20,0,0.292,0.269,0.561,2,0.308,0.000,3,18,19,0.95,1,0.25,3.94,0.069,6.3,0.194
김현종,LG,54166,0.167,18,12,12,2,2,0,0,0,2,0,0,0,0,0,0,4,0,0.167,0.167,0.334,0,0.000,0.000,0,3,3,1.00,0,0.00,4.08,0.000,0.1,0.117
최원영,LG,52103,0.143,27,15,14,7,2,1,0,0,3,1,1,0,0,0,0,3,1,0.214,0.143,0.357,0,0.200,0.000,1,3,6,0.50,0,0.00,3.53,0.071,-0.1,0.118
강민균,LG,53103,0.000,4,3,3,0,0,0,0,0,0,0,0,0,0,0,0,1,0,0.000,0.000,0.000,0,0.000,0.000,0,1,1,1.00,0,0.00,3.67,0.000,-0.3,0.000
김민수,LG,64793,0.000,2,3,3,0,0,0,0,0,0,0,0,0,0,0,0,0,0,0.000,0.000,0.000,0,0.000,0.000,0,1,2,0.50,0,-,3.67,0.000,-0.3,0.000
김성진,LG,69105,0.000,4,6,5,0,0,0,0,0,0,0,0,0,1,0,0,3,0,0.000,0.167,0.167,0,0.000,0.000,0,2,0,-,0,0.33,4.83,0.000,-0.1,0.075
김영우,LG,55167,-,2,0,0,0,0,0,0,0,0,0,0,0,0,0,0,0,0,-,-,-,0,0.000,0.000,0,0,0,-,0,-,-,-,0.0,0.000
김주성,LG,66162,0.000,1,2,2,0,0,0,0,0,0,0,0,0,0,0,0,0,0,0.000,0.000,0.000,0,0.000,0.000,0,1,1,1.00,0,-,3.00,0.000,-0.2,0.000
박시원,LG,55121,0.000,2,1,1,0,0,0,0,0,0,0,0,0,0,0,0,1,0,0.000,0.000,0.000,0,0.000,0.000,0,0,0,-,0,0.00,4.00,0.000,-0.1,0.000
손용준,LG,54156,0.000,2,1,1,0,0,0,0,0,0,0,0,0,0,0,0,0,0,0.000,0.000,0.000,0,0.000,0.000,0,1,0,-,0,-,3.00,0.000,-0.1,0.000
손주영,LG,67143,-,2,0,0,0,0,0,0,0,0,0,0,0,0,0,0,0,0,-,-,-,0,0.000,0.000,0,0,0,-,0,-,-,-,0.0,0.000
우강훈,LG,51526,-,1,0,0,0,0,0,0,0,0,0,0,0,0,0,0,0,0,-,-,-,0,0.000,0.000,0,0,0,-,0,-,-,-,0.0,0.000
장현식,LG,63950,-,1,0,0,0,0,0,0,0,0,0,0,0,0,0,0,0,0,-,-,-,0,0.000,0.000,0,0,0,-,0,-,-,-,0.0,0.000
박민우,NC,62907,0.330,88,370,312,54,103,19,0,6,140,52,1,3,47,2,7,49,7,0.449,0.425,0.874,29,0.432,0.500,25,73,90,0.81,5,0.96,3.85,0.119,60.9,0.304
이우성,NC,63260,0.325,86,336,311,34,101,16,0,6,135,40,1,2,20,0,2,47,10,0.434,0.367,0.801,31,0.305,0.000,22,107,58,1.84,1,0.43,3.72,0.109,45.3,0.274
블레인,NC,56950,0.304,15,63,56,7,17,2,0,2,25,12,0,1,6,0,0,14,2,0.446,0.365,0.811,5,0.286,0.000,4,11,15,0.73,0,0.43,3.89,0.143,8.9,0.276
김주원,NC,51907,0.302,91,410,361,60,109,16,0,13,164,43,1,3,32,2,13,55,2,0.454,0.377,0.831,34,0.304,0.000,29,75,125,0.60,3,0.58,3.84,0.152,65.3,0.283
박건우,NC,79215,0.291,89,358,306,43,89,13,0,16,150,58,0,9,42,5,1,63,5,0.490,0.369,0.859,24,0.250,0.000,29,68,95,0.72,5,0.67,3.59,0.199,58.6,0.289
천재환,NC,67905,0.275,61,162,142,28,39,8,1,3,58,18,4,2,11,0,3,34,1,0.408,0.335,0.743,11,0.250,0.500,12,37,34,1.09,2,0.32,3.90,0.134,19.4,0.253
오장한,NC,51991,0.271,19,48,48,2,13,2,0,1,18,5,0,0,0,0,0,18,0,0.375,0.271,0.646,4,0.250,0.250,3,9,8,1.13,1,0.00,4.08,0.104,4.3,0.216
최정원,NC,69992,0.270,74,144,122,29,33,3,0,0,36,6,6,0,11,0,5,28,1,0.295,0.355,0.650,9,0.200,0.143,3,42,19,2.21,1,0.39,3.98,0.025,16.6,0.233
한석현,NC,64101,0.270,59,141,126,15,34,3,0,2,43,17,5,1,7,0,2,28,2,0.341,0.316,0.657,7,0.270,0.167,5,37,28,1.32,2,0.25,3.43,0.071,14.0,0.227
안중열,NC,64022,0.264,48,102,87,15,23,6,0,1,32,10,2,1,10,0,2,20,5,0.368,0.350,0.718,4,0.158,0.429,7,21,24,0.88,2,0.50,3.61,0.103,10.7,0.250
윤준혁,NC,50092,0.250,3,4,4,1,1,1,0,0,2,0,0,0,0,0,0,0,0,0.500,0.250,0.750,0,0.000,0.000,1,1,2,0.50,0,-,2.50,0.250,0.5,0.238
허윤,NC,56904,0.250,16,5,4,4,1,0,0,0,1,1,0,0,1,0,0,2,0,0.250,0.400,0.650,0,0.500,0.000,0,0,1,0.00,0,0.50,4.00,0.000,1.3,0.243
권희동,NC,63963,0.248,54,168,141,25,35,6,0,3,50,19,2,0,24,0,1,27,2,0.355,0.361,0.716,7,0.324,0.364,9,36,43,0.84,2,0.89,4.53,0.106,19.6,0.251
김형준,NC,68912,0.248,83,259,226,28,56,4,1,11,95,43,3,3,22,1,5,82,9,0.420,0.324,0.744,12,0.308,0.000,16,42,49,0.86,2,0.27,4.05,0.173,30.8,0.251
김한별,NC,50902,0.242,59,118,95,22,23,6,0,0,29,7,2,0,14,0,7,22,5,0.305,0.379,0.684,3,0.231,0.000,6,34,16,2.13,1,0.64,4.08,0.063,11.9,0.247
박시원,NC,50996,0.235,36,78,68,15,16,4,0,1,23,7,2,1,7,0,0,19,0,0.338,0.303,0.641,5,0.211,0.250,5,13,21,0.62,0,0.37,4.08,0.103,7.9,0.221
김휘집,NC,51344,0.233,38,146,120,22,28,6,0,8,58,27,1,1,17,0,7,22,3,0.483,0.359,0.842,8,0.226,0.000,14,21,50,0.42,5,0.77,3.82,0.250,21.7,0.282
서호철,NC,69995,0.223,46,140,121,18,27,4,0,2,37,14,5,0,14,0,0,28,3,0.306,0.304,0.610,7,0.226,0.400,6,37,29,1.28,0,0.50,3.75,0.083,11.6,0.213
고준휘,NC,56949,0.222,25,49,45,4,10,1,0,2,17,8,0,0,2,0,2,11,1,0.378,0.286,0.664,2,0.118,0.222,3,12,12,1.00,1,0.18,3.98,0.156,4.7,0.223
오영수,NC,68904,0.217,26,54,46,5,10,0,0,2,16,3,0,0,6,0,2,15,2,0.348,0.333,0.681,2,0.071,0.091,2,15,6,2.50,0,0.40,4.00,0.130,5.5,0.237
신재인,NC,56909,0.185,40,95,81,8,15,4,0,3,28,8,0,0,14,0,0,17,1,0.346,0.305,0.651,2,0.111,0.222,7,22,27,0.81,0,0.82,4.31,0.160,8.9,0.224
도태훈,NC,66965,0.164,64,83,67,7,11,3,0,0,14,8,0,0,10,0,6,18,2,0.209,0.325,0.534,1,0.200,0.250,3,19,19,1.00,0,0.56,4.07,0.045,5.4,0.199
한재환,NC,50903,0.154,8,16,13,3,2,0,0,1,5,1,0,0,2,0,1,3,2,0.385,0.313,0.698,0,0.000,0.200,1,3,5,0.60,0,0.67,3.50,0.231,1.2,0.237
김정호,NC,51903,0.125,9,8,8,0,1,0,0,0,1,0,0,0,0,0,0,4,0,0.125,0.125,0.250,0,0.000,0.000,0,2,1,2.00,0,0.00,3.75,0.000,-0.2,0.088
김준원,NC,54910,-,1,0,0,0,0,0,0,0,0,0,0,0,0,0,0,0,0,-,-,-,0,0.000,0.000,0,0,0,-,0,-,-,-,0.0,0.000
신성호,NC,53989,0.000,1,1,1,0,0,0,0,0,0,0,0,0,0,0,0,0,0,0.000,0.000,0.000,0,0.000,0.000,0,1,0,-,0,-,3.00,0.000,-0.1,0.000
오태양,NC,51996,0.000,15,16,12,2,0,0,0,0,0,1,0,1,3,0,0,6,0,0.000,0.188,0.188,0,0.000,0.000,0,3,4,0.75,1,0.50,3.81,0.000,-0.1,0.085
석정우,SSG,52804,0.500,3,3,2,0,1,0,0,0,1,1,0,0,1,0,0,1,0,0.500,0.667,1.167,0,0.500,0.000,0,0,0,-,0,1.00,4.67,0.000,0.7,0.425
박성한,SSG,67893,0.325,97,423,360,62,117,23,2,4,156,46,0,2,60,1,1,55,2,0.433,0.421,0.854,33,0.407,0.500,29,94,96,0.98,5,1.09,4.23,0.108,67.0,0.298
최정,SSG,75847,0.306,71,305,255,45,78,17,1,20,157,57,0,7,37,5,6,66,7,0.616,0.397,1.013,17,0.268,0.000,38,36,82,0.44,7,0.56,4.01,0.310,60.0,0.333
에레디아,SSG,53827,0.282,84,366,333,42,94,15,0,15,154,75,0,4,22,1,7,58,8,0.462,0.336,0.798,26,0.336,0.000,30,73,112,0.65,4,0.38,3.40,0.180,49.9,0.267
고명준,SSG,51868,0.281,41,166,153,18,43,8,0,9,78,20,0,1,12,0,0,36,4,0.510,0.331,0.841,13,0.200,0.000,17,46,29,1.59,2,0.33,3.55,0.229,24.7,0.276
안상현,SSG,66864,0.275,51,139,120,21,33,5,0,2,44,13,3,0,14,0,2,34,4,0.367,0.360,0.727,8,0.294,0.300,7,32,21,1.52,1,0.41,3.65,0.092,15.4,0.254
정준재,SSG,54812,0.273,94,391,333,48,91,10,6,1,116,28,12,5,36,0,5,55,4,0.348,0.348,0.696,24,0.289,0.500,17,91,101,0.90,2,0.65,3.91,0.075,45.4,0.244
김성욱,SSG,62934,0.267,61,139,116,20,31,4,0,4,47,13,1,1,18,0,3,26,1,0.405,0.377,0.782,7,0.261,0.167,8,28,32,0.88,0,0.69,4.17,0.138,20.0,0.271
홍대인,SSG,55897,0.256,54,49,43,12,11,6,0,0,17,5,0,0,6,0,0,11,0,0.395,0.347,0.742,1,0.067,0.429,6,13,8,1.63,0,0.55,3.98,0.140,6.5,0.255
채현우,SSG,69804,0.255,52,51,47,13,12,3,0,1,18,7,1,2,1,0,0,14,0,0.383,0.260,0.643,1,0.385,0.667,4,12,11,1.09,2,0.07,2.98,0.128,5.7,0.213
조형우,SSG,51865,0.245,71,250,220,31,54,14,0,6,86,27,5,3,19,0,3,46,5,0.391,0.310,0.701,12,0.208,0.000,20,62,61,1.02,2,0.41,3.72,0.145,27.4,0.237
전의산,SSG,50820,0.244,40,148,131,10,32,8,0,5,55,21,0,2,14,0,1,43,2,0.420,0.318,0.738,6,0.226,0.500,13,31,27,1.15,1,0.33,4.30,0.176,18.5,0.248
최지훈,SSG,50854,0.242,95,392,355,50,86,15,7,11,148,42,2,4,28,0,3,54,6,0.417,0.300,0.717,21,0.214,0.000,33,89,130,0.68,2,0.52,3.94,0.175,47.7,0.239
임근우,SSG,52807,0.240,11,27,25,3,6,1,0,1,10,5,2,0,0,0,0,6,1,0.400,0.240,0.640,2,0.429,0.500,2,6,7,0.86,0,0.00,3.78,0.160,2.1,0.208
최준우,SSG,68868,0.238,26,51,42,10,10,2,0,1,15,2,0,0,8,0,1,10,0,0.357,0.373,0.730,2,0.100,0.286,3,14,8,1.75,0,0.80,4.37,0.119,6.5,0.257
오태곤,SSG,60558,0.230,77,220,200,27,46,8,0,9,81,27,0,2,16,1,2,63,8,0.405,0.291,0.696,8,0.246,0.150,17,55,38,1.45,3,0.25,3.87,0.175,23.3,0.232
김재환,SSG,78224,0.223,85,339,287,34,64,5,0,15,114,47,0,1,48,0,3,97,4,0.397,0.339,0.736,12,0.268,0.250,20,54,73,0.74,2,0.49,4.04,0.174,42.4,0.252
이지영,SSG,79456,0.208,39,83,72,10,15,3,0,0,18,5,3,1,7,0,0,7,2,0.250,0.275,0.525,1,0.200,0.333,3,33,18,1.83,0,1.00,3.53,0.042,5.3,0.186
마드리스,SSG,56813,0.207,7,33,29,5,6,1,0,1,10,4,0,0,4,0,0,14,0,0.345,0.303,0.648,1,0.250,0.000,2,0,9,0.00,1,0.29,4.48,0.138,3.3,0.223
최윤석,SSG,55894,0.200,6,12,10,1,2,1,0,0,3,0,0,0,1,0,1,2,2,0.300,0.333,0.633,0,0.000,0.000,1,3,3,1.00,0,0.50,2.92,0.100,0.1,0.225
신범수,SSG,66662,0.176,11,18,17,1,3,0,0,1,6,1,0,0,1,0,0,6,1,0.353,0.222,0.575,0,0.000,0.000,1,7,1,7.00,0,0.17,3.61,0.176,1.1,0.188
한유섬,SSG,62895,0.165,38,126,103,9,17,1,0,0,18,5,0,1,20,1,2,31,7,0.175,0.310,0.485,2,0.045,0.286,1,29,27,1.07,0,0.65,3.74,0.010,6.1,0.183
류효승,SSG,50868,0.160,9,26,25,1,4,0,0,1,7,1,0,0,1,0,0,4,0,0.280,0.192,0.472,0,0.000,0.000,1,8,9,0.89,0,0.25,3.69,0.120,1.4,0.156
김민식,SSG,62864,0.143,14,28,28,0,4,0,0,0,4,0,0,0,0,0,0,5,0,0.143,0.143,0.286,0,0.000,0.667,0,6,13,0.46,0,0.00,3.57,0.000,-0.2,0.100
김민준,SSG,53893,0.111,13,10,9,2,1,0,0,0,1,0,0,0,1,0,0,2,0,0.111,0.200,0.311,0,0.000,0.000,0,3,3,1.00,0,0.50,3.10,0.000,0.1,0.118
김정민,SSG,53865,0.111,14,10,9,1,1,0,0,0,1,1,0,0,1,0,0,3,0,0.111,0.200,0.311,0,0.000,0.000,0,3,2,1.50,0,0.33,3.30,0.000,0.3,0.118
김창평,SSG,69825,0.000,6,5,5,0,0,0,0,0,0,0,0,0,0,0,0,1,0,0.000,0.000,0.000,0,0.000,0.000,0,3,1,3.00,0,0.00,5.20,0.000,-0.5,0.000
노경은,SSG,73211,-,1,0,0,0,0,0,0,0,0,0,0,0,0,0,0,0,0,-,-,-,0,0.000,0.000,0,0,0,-,0,-,-,-,0.0,0.000
박시후,SSG,50812,-,1,0,0,0,0,0,0,0,0,0,0,0,0,0,0,0,0,-,-,-,0,0.000,0.000,0,0,0,-,0,-,-,-,0.0,0.000
변건우,SSG,54808,-,1,0,0,0,0,0,0,0,0,0,0,0,0,0,0,0,0,-,-,-,0,0.000,0.000,0,0,0,-,0,-,-,-,0.0,0.000
이건욱,SSG,64861,-,1,0,0,0,0,0,0,0,0,0,0,0,0,0,0,0,0,-,-,-,0,0.000,0.000,0,0,0,-,0,-,-,-,0.0,0.000
이기순,SSG,52868,-,1,0,0,0,0,0,0,0,0,0,0,0,0,0,0,0,0,-,-,-,0,0.000,0.000,0,0,0,-,0,-,-,-,0.0,0.000
이로운,SSG,53892,-,2,0,0,0,0,0,0,0,0,0,0,0,0,0,0,0,0,-,-,-,0,0.000,0.000,0,0,0,-,0,-,-,-,0.0,0.000
전영준,SSG,52809,-,1,0,0,0,0,0,0,0,0,0,0,0,0,0,0,0,0,-,-,-,0,0.000,0.000,0,0,0,-,0,-,-,-,0.0,0.000
조병현,SSG,51897,-,2,0,0,0,0,0,0,0,0,0,0,0,0,0,0,0,0,-,-,-,0,0.000,0.000,0,0,0,-,0,-,-,-,0.0,0.000
