선수명,팀명,playerId,ERA,G,W,L,SV,HLD,WPCT,IP,H,HR,BB,HBP,SO,R,ER,WHIP,CG,SHO,QS,BSV,TBF,NP,2B,3B,SAC,SF,IBB,WP,BK,GS,Wgs,Wgr,GF,SVO,TS,GDP,GO,AO,GO/AO
최원준,두산,67263,0.00,2,0,0,0,0,-,2,1,0,1,0,1,0,0,1.00,0,0,0,0,7,30,1,0,0,0,0,0,0,0,0,0,1,0,0,1,2,2,1.00
최주형,두산,56215,0.00,8,0,0,0,0,-,7,4,0,7,0,8,0,0,1.57,0,0,0,0,31,145,2,0,0,0,0,0,0,0,0,0,2,0,0,0,6,6,1.00
김정우,두산,68830,1.73,41,1,2,2,7,0.333,41 2/3,23,0,15,7,34,8,8,0.91,0,0,0,1,166,644,4,0,3,2,1,2,0,0,0,1,6,12,0,3,37,47,0.79
윤태호,두산,52202,1.74,12,1,0,1,1,1.000,10 1/3,8,0,6,0,9,2,2,1.35,0,0,0,1,44,187,0,0,1,1,0,1,0,0,0,1,7,3,1,2,8,12,0.67
벤자민,두산,52043,2.48,16,4,7,0,0,0.364,90 2/3,89,3,23,1,88,31,25,1.24,0,0,9,0,379,1427,18,2,7,1,0,4,0,16,4,0,0,0,0,7,95,76,1.25
최민석,두산,55268,2.49,18,9,3,0,0,0.750,101 1/3,84,3,42,4,93,40,28,1.24,0,0,12,0,430,1644,19,0,3,2,0,3,1,18,9,0,0,0,0,7,97,107,0.91
곽빈,두산,68220,2.64,19,9,4,0,0,0.692,109,96,8,30,5,128,36,32,1.16,0,0,12,0,453,1883,12,1,0,6,0,3,0,19,9,0,0,0,0,8,80,114,0.70
김택연,두산,54263,2.76,27,0,2,3,6,0.000,29 1/3,20,4,17,0,34,9,9,1.26,0,0,0,3,126,510,3,0,3,0,2,1,0,0,0,0,8,11,1,1,21,31,0.68
김한중,두산,55221,3.00,3,0,0,0,0,-,3,3,0,0,0,3,1,1,1.00,0,0,0,0,12,57,1,0,0,1,0,0,0,0,0,0,3,0,0,0,2,4,0.50
김명신,두산,67246,3.38,3,1,0,0,0,1.000,2 2/3,3,0,1,1,0,1,1,1.50,0,0,0,0,13,41,1,0,0,1,0,0,0,0,0,1,1,0,0,0,3,5,0.60
박치국,두산,67266,3.81,34,0,1,0,8,0.000,28 1/3,38,1,10,5,26,17,12,1.69,0,0,0,0,140,532,7,1,3,2,0,1,0,0,0,0,2,9,0,1,28,30,0.93
이영하,두산,66291,3.89,36,5,3,14,0,0.625,44,36,3,23,2,56,19,19,1.34,0,0,0,3,194,736,9,0,2,1,1,3,0,1,0,5,28,17,2,1,35,40,0.88
잭로그,두산,55239,4.17,19,4,6,0,0,0.400,101 1/3,119,11,19,6,84,54,47,1.36,0,0,7,0,446,1621,23,2,2,2,0,1,0,19,4,0,0,0,0,7,118,98,1.20
최준호,두산,53259,4.30,16,4,1,0,0,0.800,23,20,4,12,1,25,15,11,1.39,0,0,0,0,104,442,3,0,2,0,0,4,0,1,0,4,2,0,0,0,14,30,0.47
이용찬,두산,77211,4.55,29,3,0,1,5,1.000,27 2/3,24,7,8,2,26,14,14,1.16,0,0,0,0,117,471,2,0,3,0,0,1,0,0,0,3,4,7,0,1,27,27,1.00
이병헌,두산,52204,4.73,43,1,1,0,7,0.500,32 1/3,42,2,15,2,26,25,17,1.76,0,0,0,4,157,643,5,0,1,1,0,1,0,0,0,1,3,11,0,3,38,33,1.15
박정수,두산,65639,5.14,7,0,0,0,0,-,7,7,1,5,0,3,6,4,1.71,0,0,0,0,31,121,1,0,1,1,1,0,0,0,0,0,6,0,0,3,9,6,1.50
김동주,두산,51230,5.25,12,0,0,0,0,-,12,10,3,6,0,14,7,7,1.33,0,0,0,0,50,210,2,0,2,0,0,1,0,0,0,0,4,1,0,1,10,8,1.25
최승용,두산,51264,5.35,16,3,7,0,0,0.300,79,90,8,29,4,52,51,47,1.51,0,0,3,0,357,1356,16,1,6,3,0,2,0,16,3,0,0,0,0,4,76,100,0.76
플렉센,두산,50234,5.40,2,0,2,0,0,0.000,5,2,1,6,2,3,4,3,1.60,0,0,0,0,26,111,0,0,0,0,0,0,0,2,0,0,0,0,0,1,6,7,0.86
양재훈,두산,55215,5.92,26,2,3,0,2,0.400,24 1/3,27,3,14,4,31,18,16,1.68,0,0,0,0,116,522,3,0,1,0,2,6,0,0,0,2,5,6,0,2,26,13,2.00
타카다,두산,56212,6.27,7,1,1,0,0,0.500,18 2/3,21,2,12,4,14,13,13,1.77,0,0,0,0,90,330,3,1,1,2,0,0,0,3,0,1,0,0,0,2,14,24,0.58
박신지,두산,68249,6.41,17,0,0,0,0,-,26 2/3,29,3,13,2,20,19,19,1.58,0,0,0,0,119,431,8,1,2,2,0,1,0,1,0,0,3,0,0,5,27,26,1.04
타무라,두산,56218,7.31,17,1,1,0,2,0.500,16,28,3,5,1,14,13,13,2.06,0,0,0,0,81,320,6,0,0,2,0,2,0,0,0,1,5,1,0,0,16,17,0.94
최지강,두산,52206,9.45,16,0,0,0,0,-,13 1/3,21,0,7,3,13,17,14,2.10,0,0,0,0,70,290,3,1,1,0,1,3,1,0,0,0,6,1,0,1,16,9,1.78
김기준,롯데,53540,0.00,5,0,0,0,0,-,5,5,0,0,0,5,0,0,1.00,0,0,0,0,19,73,2,0,0,0,0,0,0,0,0,0,3,0,0,1,4,5,0.80
이영재,롯데,55503,0.00,1,0,0,0,0,-,2/3,0,0,0,0,1,0,0,0.00,0,0,0,0,2,11,0,0,0,0,0,0,0,0,0,0,1,0,0,0,0,1,0.00
이준서,롯데,56554,0.00,1,0,0,0,0,-,1,1,0,0,0,0,0,0,1.00,0,0,0,0,4,14,0,0,0,0,0,0,0,0,0,0,1,0,0,0,1,2,0.50
김강현,롯데,65522,2.14,21,1,0,0,3,1.000,21,19,0,11,0,10,5,5,1.43,0,0,0,0,90,333,4,0,1,0,1,1,0,0,0,1,11,3,0,2,25,24,1.04
이진하,롯데,53562,3.00,8,1,0,0,0,1.000,9,8,0,2,1,5,3,3,1.11,0,0,0,0,36,133,2,0,0,1,1,1,0,0,0,1,1,0,0,1,8,12,0.67
김원중,롯데,62528,3.16,41,1,2,4,12,0.333,37,31,2,16,2,25,17,13,1.27,0,0,0,0,159,584,7,0,4,2,3,4,0,0,0,1,13,15,1,5,52,29,1.79
김진욱,롯데,51516,3.19,18,5,5,0,0,0.500,104 1/3,96,13,35,6,87,48,37,1.26,0,0,9,0,449,1717,12,0,6,1,0,4,0,18,5,0,0,0,0,4,109,110,0.99
최준용,롯데,50556,3.64,41,4,3,14,4,0.571,42,39,5,20,2,40,20,17,1.40,0,0,0,6,183,717,6,1,2,2,2,3,0,0,0,4,24,26,2,5,31,49,0.63
이승헌,롯데,68529,3.86,5,0,0,0,0,-,4 2/3,6,0,3,0,2,3,2,1.93,0,0,0,0,23,88,2,0,0,0,0,0,0,0,0,0,3,0,0,0,11,1,11.00
비슬리,롯데,56523,4.02,18,7,4,0,0,0.636,96 1/3,103,6,32,9,111,45,43,1.40,0,0,9,0,429,1642,21,1,8,2,0,4,2,18,7,0,0,0,0,6,79,87,0.91
현도훈,롯데,68260,4.15,39,3,3,0,5,0.500,39,29,2,22,2,27,23,18,1.31,0,0,0,1,165,689,2,0,5,1,2,2,0,0,0,3,6,10,0,4,47,33,1.42
나균안,롯데,67539,4.28,18,5,9,0,0,0.357,103,119,16,30,2,89,54,49,1.45,0,0,7,0,450,1727,24,0,6,6,1,2,0,18,5,0,0,0,0,9,92,112,0.82
로드리게스,롯데,56531,4.31,18,5,7,0,0,0.417,100 1/3,99,14,36,5,114,50,48,1.35,0,0,9,0,436,1754,15,3,4,1,0,12,0,18,5,0,0,1,0,7,86,92,0.93
박정민,롯데,56536,4.46,39,5,2,1,9,0.714,34 1/3,24,4,28,1,39,17,17,1.51,0,0,0,2,150,666,4,0,0,0,1,0,0,0,0,5,5,13,0,2,26,32,0.81
홍민기,롯데,50596,4.76,13,0,1,0,2,0.000,5 2/3,10,0,6,4,8,3,3,2.82,0,0,0,1,35,139,2,1,0,0,0,3,0,0,0,0,1,3,0,1,4,3,1.33
박세웅,롯데,64021,4.92,18,2,7,0,0,0.222,97,108,9,38,7,92,58,53,1.51,0,0,7,0,434,1692,27,1,6,3,0,3,0,18,2,0,0,0,0,6,96,87,1.10
박준우,롯데,54503,5.06,13,0,0,0,0,-,16,22,2,6,2,10,13,9,1.75,0,0,0,0,75,300,3,1,2,1,0,2,0,0,0,0,8,0,0,2,19,14,1.36
정현수,롯데,54537,5.40,11,0,1,0,0,0.000,5,8,1,3,0,4,3,3,2.20,0,0,0,0,26,112,2,0,0,1,0,0,0,0,0,0,1,2,0,0,2,9,0.22
이민석,롯데,52530,5.73,18,1,2,0,1,0.333,48 2/3,55,3,27,2,36,34,31,1.68,0,0,1,0,223,852,10,0,0,4,0,3,0,5,1,0,2,0,0,8,65,38,1.71
이이무라,롯데,56503,5.84,11,1,1,0,3,0.500,12 1/3,14,1,1,1,11,8,8,1.22,0,0,0,0,52,213,0,0,0,0,0,0,0,0,0,1,1,6,0,1,18,7,2.57
구승민,롯데,63543,6.00,6,0,0,0,0,-,6,7,0,3,1,4,4,4,1.67,0,0,0,0,29,100,0,0,0,0,0,0,0,0,0,0,2,0,0,0,8,6,1.33
정철원,롯데,68242,6.23,32,1,2,0,3,0.333,26,29,3,13,1,20,18,18,1.62,0,0,0,2,117,463,7,0,5,0,0,4,0,0,0,1,6,7,0,2,21,28,0.75
쿄야마,롯데,56548,7.59,10,0,1,0,1,0.000,10 2/3,14,1,9,0,13,10,9,2.16,0,0,0,0,54,222,3,0,1,0,0,2,0,0,0,0,3,0,0,1,9,8,1.13
최이준,롯데,68036,8.31,15,0,1,0,0,0.000,13,12,2,11,0,9,13,12,1.77,0,0,0,0,60,242,2,0,0,0,1,3,0,0,0,0,0,1,0,1,15,13,1.15
김창훈,롯데,51586,9.00,1,0,0,0,0,-,1,3,0,0,0,1,1,1,3.00,0,0,0,0,6,22,0,0,0,0,0,0,0,0,0,0,1,0,0,0,1,1,1.00
윤성빈,롯데,67588,13.50,4,0,0,0,0,-,3 1/3,4,0,6,0,2,5,5,3.00,0,0,0,0,20,78,3,0,0,0,0,1,0,0,0,0,1,0,0,0,6,2,3.00
신동건,롯데,56567,18.00,1,0,0,0,0,-,1,1,0,4,0,1,2,2,5.00,0,0,0,0,8,33,0,0,0,1,0,0,0,0,0,0,0,0,0,0,0,2,0.00
최충연,롯데,66451,18.00,1,0,0,0,0,-,1,3,0,1,0,0,2,2,4.00,0,0,0,0,7,28,2,0,0,0,0,0,0,0,0,0,1,0,0,0,3,0,-
박세진,롯데,66047,33.75,5,0,0,0,0,-,1 1/3,7,1,2,0,1,5,5,6.75,0,0,0,0,13,41,1,0,0,0,0,1,0,0,0,0,0,0,0,0,2,1,2.00
양현,삼성,61268,0.00,1,0,0,0,0,-,1/3,0,0,0,0,0,0,0,0.00,0,0,0,0,1,4,0,0,0,0,0,0,0,0,0,0,1,0,0,0,0,1,0.00
이재익,삼성,63492,0.00,2,0,0,0,0,-,1 1/3,3,0,1,0,1,0,0,3.00,0,0,0,0,8,38,0,0,0,1,0,0,0,0,0,0,0,0,0,0,1,2,0.50
페덱,삼성,56459,1.50,2,2,0,0,0,1.000,12,7,0,1,0,10,2,2,0.67,0,0,2,0,44,172,2,0,0,0,0,0,0,2,2,0,0,0,0,1,16,10,1.60
이승민,삼성,50464,2.00,49,4,0,0,16,1.000,45,36,2,23,1,37,14,10,1.31,0,0,0,0,191,797,6,0,4,0,1,0,0,0,0,4,3,22,0,2,35,55,0.64
배찬승,삼성,55455,2.40,40,3,2,0,9,0.600,30,28,5,28,4,24,9,8,1.87,0,0,0,1,145,591,4,0,1,1,3,5,0,0,0,3,5,9,0,6,33,27,1.22
최지광,삼성,67421,2.45,25,4,0,1,8,1.000,22,20,0,7,3,21,8,6,1.23,0,0,0,2,96,381,4,0,0,1,1,0,0,0,0,4,4,12,0,1,20,25,0.80
김백산,삼성,55420,2.70,2,1,1,0,0,0.500,10,7,1,6,0,6,3,3,1.30,0,0,0,0,41,153,2,0,0,0,0,0,0,2,1,0,0,0,0,1,7,15,0.47
이재희,삼성,51460,2.92,17,0,0,1,3,-,12 1/3,11,1,12,4,13,5,4,1.86,0,0,0,0,62,250,0,0,1,1,1,3,0,0,0,0,1,8,0,1,9,12,0.75
김재윤,삼성,65062,3.02,46,5,4,25,0,0.556,44 2/3,25,2,20,1,46,15,15,1.01,0,0,0,4,177,719,7,0,0,0,1,0,0,0,0,5,37,29,2,3,25,60,0.42
김태훈,삼성,62360,3.09,25,2,1,0,5,0.667,23 1/3,16,3,4,3,18,12,8,0.86,0,0,0,2,93,344,2,0,4,1,0,0,0,0,0,2,1,10,0,2,29,19,1.53
후라도,삼성,53375,3.11,17,5,1,0,0,0.833,107,112,10,22,4,69,45,37,1.25,0,0,13,0,454,1649,8,3,4,3,0,5,0,17,5,0,0,0,0,9,142,101,1.41
보스,삼성,56402,3.60,1,0,1,0,0,0.000,5,5,0,0,0,5,2,2,1.00,0,0,0,0,19,74,2,0,0,0,0,0,0,1,0,0,0,0,0,0,4,5,0.80
양창섭,삼성,68415,3.73,16,8,0,0,0,1.000,72 1/3,75,8,20,3,57,32,30,1.31,1,1,4,0,310,1155,14,0,0,2,0,2,0,13,8,0,2,0,0,4,87,68,1.28
원태인,삼성,69446,3.84,16,5,5,0,0,0.500,89,101,4,20,6,78,40,38,1.36,0,0,7,0,387,1513,22,2,6,2,0,1,0,16,5,0,0,0,0,3,89,87,1.02
임기영,삼성,62754,4.03,27,0,1,0,1,0.000,38,40,5,9,3,23,17,17,1.29,0,0,0,0,163,619,9,0,0,1,1,0,0,0,0,0,18,0,0,3,44,44,1.00
이승현,삼성,60146,4.15,43,5,1,1,10,0.833,34 2/3,39,3,14,0,33,18,16,1.53,0,0,0,2,155,647,5,1,2,0,2,1,0,0,0,5,8,12,0,1,29,38,0.76
장찬희,삼성,56460,4.50,19,4,4,0,0,0.500,56,49,9,25,4,42,30,28,1.32,0,0,1,0,245,949,11,1,2,5,2,0,0,8,1,3,1,0,0,3,61,62,0.98
오러클린,삼성,56464,4.86,17,5,5,0,0,0.500,83 1/3,78,7,38,10,81,48,45,1.39,0,0,7,0,366,1510,20,1,5,5,0,4,0,17,5,0,0,0,0,4,78,76,1.03
최원태,삼성,65320,5.04,16,3,4,0,0,0.429,85 2/3,94,11,33,3,74,53,48,1.48,0,0,6,0,372,1443,12,1,4,2,0,4,0,16,3,0,0,0,0,14,85,79,1.08
미야지,삼성,56415,5.87,36,0,1,0,3,0.000,30 2/3,26,5,23,7,30,20,20,1.60,0,0,0,1,143,541,5,0,2,0,0,4,0,0,0,0,7,6,0,3,27,28,0.96
백정현,삼성,77446,6.75,25,2,2,0,3,0.500,21 1/3,21,6,8,0,15,16,16,1.36,0,0,0,1,90,326,3,1,2,1,0,1,0,0,0,2,3,5,0,2,21,23,0.91
김무신,삼성,68403,10.80,3,0,0,0,0,-,1 2/3,2,1,3,0,3,2,2,3.00,0,0,0,0,9,46,0,0,0,0,0,0,0,0,0,0,1,0,0,0,0,1,0.00
육선엽,삼성,54404,11.57,2,0,0,0,0,-,2 1/3,2,1,3,1,3,3,3,2.14,0,0,0,0,13,53,1,0,1,1,0,2,0,0,0,0,0,0,0,0,2,1,2.00
정재훈,삼성,56469,20.25,2,0,0,0,0,-,1 1/3,3,1,0,1,1,3,3,2.25,0,0,0,0,7,16,0,0,0,0,0,0,0,0,0,0,1,0,0,1,2,0,-
김성민,키움,67828,0.00,6,0,0,0,1,-,5,3,0,1,3,8,0,0,0.80,0,0,0,0,21,93,1,0,0,0,0,1,0,0,0,0,1,0,0,0,3,3,1.00
유토,키움,56348,3.03,42,5,4,12,10,0.556,38 2/3,36,2,10,0,41,13,13,1.19,0,0,0,3,156,704,7,2,4,2,0,2,0,0,0,5,21,25,1,5,22,43,0.51
원종현,키움,76118,3.13,38,1,3,6,6,0.250,37 1/3,37,0,9,0,28,16,13,1.23,0,0,0,0,156,625,9,0,5,1,0,2,0,0,0,1,14,12,0,2,41,36,1.14
알칸타라,키움,69045,3.35,18,8,6,0,0,0.571,113,109,16,13,3,100,43,42,1.08,0,0,10,0,458,1674,14,2,4,2,0,2,0,18,8,0,0,0,0,7,96,133,0.72
안우진,키움,68341,3.49,15,2,5,0,0,0.286,67,63,4,23,1,85,28,26,1.28,0,0,4,0,290,1132,13,4,4,2,0,3,0,15,2,0,0,0,0,4,48,66,0.73
하영민,키움,64350,3.97,17,4,5,0,0,0.444,79 1/3,74,6,34,5,68,41,35,1.36,0,0,4,0,348,1316,14,3,5,7,0,7,0,14,4,0,0,0,0,6,67,95,0.71
박지성,키움,56337,3.98,25,2,2,0,0,0.500,31 2/3,32,6,13,1,24,19,14,1.42,0,0,0,1,141,560,8,1,0,0,0,3,0,0,0,2,6,1,0,2,22,49,0.45
박준현,키움,56318,4.61,12,1,5,0,0,0.167,56 2/3,51,4,44,1,59,30,29,1.68,0,0,2,0,257,1076,14,1,0,0,0,3,1,12,1,0,0,0,0,9,61,41,1.49
로젠버그,키움,55322,4.80,7,0,2,0,0,0.000,30,37,2,10,3,32,16,16,1.57,0,0,0,0,137,556,7,0,0,1,0,0,0,7,0,0,0,0,0,1,23,32,0.72
정다훈,키움,56345,5.06,17,1,0,0,0,1.000,16,19,3,12,1,6,9,9,1.94,0,0,0,0,76,293,4,0,1,1,1,2,0,0,0,1,9,0,0,2,14,23,0.61
박정훈,키움,55394,5.09,37,2,2,0,10,0.500,53,54,3,32,7,43,31,30,1.62,0,0,0,3,247,950,13,1,3,1,0,6,1,4,1,1,1,11,0,4,76,32,2.38
김선기,키움,66018,5.19,7,0,0,0,1,-,8 2/3,5,2,4,0,7,5,5,1.04,0,0,0,0,33,133,1,1,0,0,0,0,0,0,0,0,2,0,0,1,7,10,0.70
박진형,키움,63512,5.25,22,2,2,0,2,0.500,24,26,2,14,4,18,14,14,1.67,0,0,0,0,112,429,4,2,2,4,1,0,0,0,0,2,6,2,0,2,23,25,0.92
박윤성,키움,53301,5.40,5,0,1,0,1,0.000,3 1/3,2,0,3,0,1,2,2,1.50,0,0,0,1,14,48,0,0,0,0,0,0,0,0,0,0,1,2,0,1,5,3,1.67
와일스,키움,56334,5.40,5,0,4,0,0,0.000,25,37,3,3,1,18,17,15,1.60,0,0,2,0,117,431,5,0,1,4,0,1,0,5,0,0,0,0,0,0,31,26,1.19
오석주,키움,67116,5.47,14,0,1,0,0,0.000,24 2/3,27,0,19,3,19,16,15,1.86,0,0,0,0,124,489,7,0,3,2,0,1,0,3,0,0,0,0,0,0,23,30,0.77
배동현,키움,51761,5.63,18,4,7,0,0,0.364,78 1/3,107,7,22,2,64,53,49,1.65,0,0,1,1,363,1395,30,2,2,5,0,1,0,13,2,2,1,1,0,5,66,100,0.66
김성진,키움,51301,5.74,32,1,2,0,8,0.333,31 1/3,42,2,12,2,23,22,20,1.72,0,0,0,1,144,552,6,1,3,2,0,0,0,0,0,1,3,5,0,4,36,26,1.38
김서준,키움,55359,6.23,16,0,0,0,2,-,17 1/3,14,4,13,1,18,12,12,1.56,0,0,0,0,78,311,0,0,0,0,0,2,0,0,0,0,1,1,0,1,18,14,1.29
김윤하,키움,54319,6.35,7,1,1,0,0,0.500,17,21,6,5,0,15,15,12,1.53,0,0,0,0,79,320,4,0,1,2,0,0,0,2,1,0,3,0,0,1,17,20,0.85
조영건,키움,69360,6.48,30,1,1,0,3,0.500,25,35,5,8,4,17,21,18,1.72,0,0,0,0,118,429,6,2,2,3,1,1,0,0,0,1,7,2,0,4,21,31,0.68
전준표,키움,54362,7.24,11,0,1,0,0,0.000,13 2/3,15,2,15,3,10,12,11,2.20,0,0,0,0,75,330,1,1,0,0,0,5,0,1,0,0,1,1,0,0,16,16,1.00
정현우,키움,55313,7.71,6,0,1,0,0,0.000,9 1/3,11,1,5,1,7,8,8,1.71,0,0,0,0,44,168,2,1,1,0,0,1,0,1,0,0,0,0,0,1,10,9,1.11
윤석원,키움,52395,9.00,7,0,0,0,0,-,7,10,1,2,0,5,7,7,1.71,0,0,0,0,31,129,2,0,0,1,0,1,0,0,0,0,2,0,0,0,3,11,0.27
이태양,키움,56366,9.00,1,0,0,0,0,-,1,1,0,1,2,0,1,1,2.00,0,0,0,0,6,18,0,0,0,0,0,0,0,0,0,0,1,0,0,1,1,1,1.00
김재웅,키움,67391,9.30,19,0,2,5,2,0.000,20 1/3,27,4,9,0,7,21,21,1.77,0,0,0,2,97,376,3,0,3,2,0,0,0,0,0,0,9,10,1,1,21,30,0.70
이준우,키움,55301,10.13,8,0,1,0,0,0.000,8,12,0,8,1,7,10,9,2.50,0,0,0,0,42,172,1,0,1,1,0,1,0,0,0,0,2,0,0,1,3,10,0.30
정세영,키움,55377,10.43,6,0,2,0,0,0.000,14 2/3,24,3,6,1,4,19,17,2.05,0,0,0,0,76,268,4,0,3,1,0,2,0,2,0,0,3,0,0,1,8,30,0.27
김연주,키움,54368,16.20,2,0,1,0,0,0.000,3 1/3,5,0,4,1,3,7,6,2.70,0,0,0,0,21,80,1,0,0,0,0,1,0,1,0,0,1,0,0,0,3,5,0.60
최현우,키움,56312,18.00,2,0,0,0,0,-,2,4,3,0,0,1,4,4,2.00,0,0,0,0,10,44,0,0,0,0,0,0,0,0,0,0,2,0,0,0,3,2,1.50
김동규,키움,53164,21.00,5,0,0,0,0,-,3,5,0,6,1,4,7,7,3.67,0,0,0,0,21,90,0,0,0,0,0,4,0,0,0,0,1,0,0,0,2,3,0.67
짐머맨,한화,56799,0.00,1,0,0,0,0,-,4,3,0,2,0,1,0,0,1.25,0,0,0,0,16,57,0,0,0,0,0,0,0,1,0,0,0,0,0,1,6,4,1.50
장유호,한화,69645,1.74,15,2,0,0,0,1.000,20 2/3,16,2,8,1,12,4,4,1.16,0,0,0,0,84,311,1,1,0,1,0,1,0,0,0,2,1,1,0,3,20,27,0.74
화이트,한화,56724,3.20,14,6,6,0,0,0.500,78 2/3,79,5,18,1,53,29,28,1.23,0,0,7,0,328,1268,12,2,2,3,0,1,0,14,6,0,0,0,0,9,94,81,1.16
류현진,한화,76715,3.22,17,8,2,0,0,0.800,95,96,6,13,3,78,41,34,1.15,0,0,9,0,391,1436,15,2,7,3,1,1,0,17,8,0,0,0,0,7,101,93,1.09
왕옌청,한화,56719,3.61,19,8,4,0,0,0.667,97 1/3,101,9,42,6,79,53,39,1.47,0,0,5,0,429,1690,14,0,1,1,0,6,0,19,8,0,0,0,0,14,126,74,1.70
조동욱,한화,54768,3.76,48,1,1,1,9,0.500,38 1/3,46,2,12,3,38,16,16,1.51,0,0,0,3,169,612,4,1,4,1,0,1,0,0,0,1,4,12,1,4,29,37,0.78
박준영,한화,52731,4.19,30,1,0,0,0,1.000,43,37,4,28,4,37,21,20,1.51,0,0,0,1,185,758,9,3,1,3,0,0,1,2,0,1,9,2,0,7,43,35,1.23
이상규,한화,65117,4.43,39,3,2,0,8,0.600,42 2/3,42,4,14,4,34,27,21,1.31,0,0,0,4,190,724,4,1,4,1,0,2,0,0,0,3,2,15,0,2,49,43,1.14
이형범,한화,62951,4.56,21,0,0,0,0,-,25 2/3,28,3,14,2,16,19,13,1.64,0,0,0,0,120,447,6,0,1,0,2,2,0,0,0,0,9,0,0,4,44,15,2.93
김종수,한화,63765,4.56,30,0,1,0,4,0.000,23 2/3,25,4,17,2,21,13,12,1.77,0,0,0,1,111,406,0,2,1,2,0,0,0,0,0,0,5,4,0,4,25,20,1.25
이민우,한화,65616,4.60,42,1,4,6,6,0.200,43,44,1,15,5,22,22,22,1.37,0,0,0,3,190,745,8,3,1,5,0,3,0,0,0,1,19,13,1,2,55,48,1.15
황준서,한화,54729,4.78,16,1,2,0,0,0.333,26 1/3,29,2,18,1,25,15,14,1.78,0,0,0,0,124,509,3,0,4,1,0,0,0,4,0,1,4,0,0,3,22,25,0.88
쿠싱,한화,56760,4.79,16,1,2,4,0,0.333,20 2/3,20,3,6,0,26,11,11,1.26,0,0,0,1,88,334,2,0,1,0,0,0,0,1,0,1,15,5,0,2,20,15,1.33
권민규,한화,55764,4.82,9,1,0,0,0,1.000,9 1/3,13,1,4,0,7,5,5,1.82,0,0,0,0,43,173,2,1,0,1,0,0,0,0,0,1,3,0,0,2,8,11,0.73
에르난데스,한화,56712,4.92,16,3,6,0,0,0.333,71 1/3,78,8,27,3,47,42,39,1.47,0,0,5,0,308,1205,13,0,3,0,0,2,0,16,3,0,0,0,0,9,64,86,0.74
문동주,한화,52701,5.18,6,1,1,0,0,0.500,24 1/3,27,3,11,3,18,16,14,1.56,0,0,1,0,110,442,6,1,0,0,0,2,0,6,1,0,0,0,0,3,29,22,1.32
윤산흠,한화,69213,5.73,22,1,1,0,2,0.500,22,21,3,13,1,16,17,14,1.55,0,0,0,1,100,414,4,0,1,1,0,0,0,0,0,1,1,4,0,4,29,19,1.53
박상원,한화,67703,5.79,42,1,3,1,10,0.250,37 1/3,38,4,14,2,39,24,24,1.39,0,0,0,1,164,618,9,0,3,2,1,2,0,0,0,1,8,11,0,0,39,29,1.34
정우주,한화,55743,6.37,36,1,2,0,5,0.333,35 1/3,39,3,27,6,40,29,25,1.87,0,0,0,1,176,758,7,1,1,2,0,5,0,3,0,1,3,6,0,2,19,44,0.43
강재민,한화,50705,6.39,14,0,0,0,0,-,12 2/3,16,1,9,4,13,9,9,1.97,0,0,0,0,65,277,1,0,1,0,0,0,0,0,0,0,5,0,0,1,4,18,0.22
강건우,한화,56769,8.10,10,0,0,0,0,-,13 1/3,25,2,12,1,11,13,12,2.78,0,0,0,0,79,282,0,0,0,1,0,0,0,1,0,0,2,0,0,1,11,19,0.58
박재규,한화,53706,9.00,3,0,0,0,0,-,2,3,0,2,0,1,2,2,2.50,0,0,0,0,11,44,1,0,1,0,0,0,0,0,0,0,1,0,0,0,4,0,-
원종혁,한화,54702,9.45,10,1,0,0,0,1.000,6 2/3,14,1,8,1,3,10,7,3.30,0,0,0,0,44,169,2,0,1,0,0,0,0,0,0,1,4,0,0,0,6,11,0.55
이교훈,한화,69205,12.27,3,0,0,0,0,-,3 2/3,5,1,5,0,4,7,5,2.73,0,0,0,0,21,96,0,0,0,0,0,0,1,0,0,0,0,0,0,1,3,4,0.75
김서현,한화,53754,12.38,12,1,2,1,0,0.333,8,9,1,15,4,5,12,11,3.00,0,0,0,1,52,210,1,0,1,0,0,1,0,0,0,1,5,2,0,0,11,7,1.57
김범준,한화,50710,13.50,1,0,0,0,0,-,2/3,2,0,0,0,0,1,1,3.00,0,0,0,0,4,14,0,1,1,0,0,0,0,0,0,0,0,0,0,0,1,0,-
주현상,한화,65707,15.43,3,0,0,0,0,-,2 1/3,7,1,2,0,1,9,4,3.86,0,0,0,0,17,61,1,0,0,1,0,0,0,0,0,0,0,0,0,0,2,5,0.40
김도빈,한화,54705,24.75,6,0,1,0,1,0.000,4,3,0,10,2,6,11,11,3.25,0,0,0,0,27,121,2,1,0,1,0,3,0,0,0,0,1,0,0,0,4,2,2.00
엄상백,한화,65056,27.00,1,0,0,0,0,-,1/3,2,0,0,1,0,1,1,6.00,0,0,0,0,4,13,2,0,0,0,0,0,0,0,0,0,0,0,0,0,0,1,0.00
김현수,KIA,69516,0.00,1,0,0,0,0,-,2,2,0,1,0,2,0,0,1.50,0,0,0,0,9,39,0,0,0,0,0,0,0,0,0,0,1,0,0,0,0,4,0.00
홍건희,KIA,61643,0.00,3,0,0,0,1,-,3,4,0,0,0,2,1,0,1.33,0,0,0,0,14,61,1,0,0,0,0,0,0,0,0,0,0,0,0,0,2,6,0.33
조상우,KIA,63342,2.04,44,4,2,1,13,0.667,39 2/3,37,2,14,1,28,13,9,1.29,0,0,0,4,169,656,5,0,4,2,3,1,1,0,0,4,9,17,0,2,31,54,0.57
곽도규,KIA,53609,2.12,24,1,0,0,7,1.000,17,14,0,7,3,18,4,4,1.24,0,0,0,1,74,293,2,0,1,1,1,0,0,0,0,1,1,11,0,2,15,16,0.94
이태양,KIA,60768,2.79,17,1,0,0,3,1.000,19 1/3,17,2,6,1,12,6,6,1.19,0,0,0,0,80,332,3,0,1,1,0,0,0,0,0,1,5,2,0,2,15,28,0.54
올러,KIA,55633,3.36,19,9,8,0,0,0.529,109 2/3,84,11,41,6,116,45,41,1.14,1,1,11,0,453,1753,10,2,5,2,0,3,0,19,9,0,1,0,0,9,89,112,0.79
성영탁,KIA,54610,3.49,37,2,1,12,4,0.667,38 2/3,43,2,12,0,31,19,15,1.42,0,0,0,3,170,613,9,0,3,0,2,1,0,0,0,2,23,18,2,3,45,36,1.25
네일,KIA,54640,3.81,20,6,5,0,0,0.545,115 2/3,109,7,23,12,94,49,49,1.14,0,0,11,0,481,1823,19,0,3,3,1,2,0,20,6,0,0,0,0,12,143,97,1.47
양현종,KIA,77637,3.87,18,7,5,0,0,0.583,88 1/3,81,11,41,2,58,43,38,1.38,0,0,1,0,386,1517,15,1,4,2,0,0,0,18,7,0,0,0,0,5,92,108,0.85
전상현,KIA,66609,3.94,18,2,1,0,7,0.667,16,15,1,2,1,14,7,7,1.06,0,0,0,1,64,216,2,0,1,0,0,0,0,0,0,2,2,6,0,1,13,18,0.72
황동하,KIA,52641,4.38,20,7,4,0,1,0.636,76,78,13,32,3,57,42,37,1.45,0,0,5,0,333,1338,6,0,0,1,0,1,0,13,6,1,0,1,0,4,68,95,0.72
장재혁,KIA,50641,4.50,4,0,0,0,0,-,6,6,0,5,0,5,3,3,1.83,0,0,0,0,29,110,0,1,1,0,0,1,0,0,0,0,2,0,0,0,7,5,1.40
한재승,KIA,51994,4.50,41,1,0,0,1,1.000,38,32,5,22,3,25,20,19,1.42,0,0,0,0,168,661,7,1,2,0,0,3,0,0,0,1,9,5,0,2,39,45,0.87
김기훈,KIA,69620,5.40,2,0,0,0,0,-,1 2/3,0,0,4,0,1,1,1,2.40,0,0,0,0,8,44,0,0,0,1,0,1,0,0,0,0,1,0,0,0,0,3,0.00
김태형,KIA,55610,5.50,17,2,3,0,0,0.400,54,64,10,24,4,31,39,33,1.63,0,0,2,0,247,979,7,0,1,1,0,2,0,10,2,0,2,0,0,7,69,54,1.28
김범수,KIA,65769,5.66,49,1,3,1,11,0.250,35,43,2,26,3,32,23,22,1.97,0,0,0,3,169,687,6,2,0,1,3,2,0,0,0,1,7,17,0,3,33,32,1.03
최지민,KIA,52639,5.73,37,0,0,0,2,-,33,44,5,9,4,28,21,21,1.61,0,0,0,0,153,596,6,0,2,1,1,0,0,0,0,0,4,3,0,4,33,33,1.00
시라카와,KIA,54843,5.77,8,2,4,0,0,0.333,34 1/3,34,4,23,1,28,23,22,1.66,0,0,0,0,160,682,6,0,1,2,0,3,1,7,1,1,0,0,0,2,36,37,0.97
정해영,KIA,50662,6.21,36,2,1,2,8,0.667,33 1/3,41,5,12,1,26,28,23,1.59,0,0,0,1,152,606,6,0,2,0,1,1,0,0,0,2,5,16,0,1,39,31,1.26
김시훈,KIA,68928,6.75,3,0,0,0,0,-,4,5,0,2,1,3,3,3,1.75,0,0,0,0,20,78,2,0,1,0,0,0,0,0,0,0,1,0,0,1,4,4,1.00
김건국,KIA,76225,7.94,6,0,0,0,0,-,5 2/3,6,1,5,0,6,6,5,1.94,0,0,0,0,29,111,2,0,0,1,0,1,0,0,0,0,6,0,0,0,5,7,0.71
홍민규,KIA,55267,8.35,15,1,2,0,0,0.333,18 1/3,27,2,7,0,16,17,17,1.85,0,0,0,0,89,312,9,0,1,1,0,4,0,0,0,1,5,1,0,0,16,22,0.73
이의리,KIA,51648,8.36,14,2,6,0,0,0.250,42,46,8,34,2,45,39,39,1.90,0,0,0,0,204,848,7,2,3,2,0,4,1,10,1,1,1,0,0,2,30,44,0.68
지현,KIA,56633,9.00,3,0,0,0,0,-,4,6,2,3,0,1,4,4,2.25,0,0,0,0,21,82,1,0,0,0,0,1,0,0,0,0,3,0,0,0,7,4,1.75
박영현,KT,52060,2.53,38,6,0,19,0,1.000,42 2/3,34,4,21,0,42,13,12,1.29,0,0,0,4,183,801,5,1,2,3,3,4,0,0,0,6,31,23,1,1,31,53,0.58
소형준,KT,50030,2.95,13,6,0,0,0,1.000,73 1/3,82,3,13,3,60,28,24,1.30,0,0,8,0,310,1161,16,0,2,2,2,1,0,13,6,0,0,0,0,9,94,56,1.68
보쉴리,KT,56036,3.16,11,7,3,0,0,0.700,62 2/3,68,3,15,1,56,23,22,1.32,0,0,5,0,268,1000,10,1,2,0,0,2,0,11,7,0,0,0,0,5,68,58,1.17
로건,KT,55912,3.27,6,2,1,0,0,0.667,33,36,5,9,1,24,12,12,1.36,0,0,3,0,141,535,3,0,1,0,0,0,0,6,2,0,0,0,0,3,38,32,1.19
손동현,KT,69041,3.32,40,4,1,0,5,0.800,38,29,3,18,2,27,14,14,1.24,0,0,0,2,156,624,2,1,1,5,1,0,0,0,0,4,9,11,0,5,25,54,0.46
우규민,KT,73117,3.33,33,0,0,0,2,-,27,33,3,4,1,11,12,10,1.37,0,0,0,0,116,422,4,0,1,1,0,0,0,0,0,0,13,3,0,3,35,31,1.13
주권,KT,65060,3.52,33,2,0,0,1,1.000,38 1/3,38,3,14,2,17,17,15,1.36,0,0,0,0,159,579,3,1,2,0,1,3,0,0,0,2,19,0,0,10,62,24,2.58
고영표,KT,64001,3.88,18,8,6,0,0,0.571,104 1/3,110,10,13,6,111,46,45,1.18,0,0,10,0,436,1647,19,1,5,1,0,0,0,18,8,0,0,0,0,5,108,83,1.30
배제성,KT,65516,4.30,9,0,2,0,1,0.000,29 1/3,30,1,20,2,26,17,14,1.70,0,0,0,0,139,538,6,0,1,4,0,3,0,6,0,0,2,1,0,0,27,33,0.82
전용주,KT,69047,4.81,44,2,2,0,5,0.500,33 2/3,32,0,24,3,30,18,18,1.66,0,0,0,2,156,578,8,0,2,2,3,3,0,0,0,2,4,11,0,5,43,22,1.95
사우어,KT,56032,4.88,18,7,5,0,0,0.583,101 1/3,102,9,45,13,71,57,55,1.45,0,0,9,0,455,1745,20,4,2,7,1,12,0,18,7,0,0,0,0,8,87,135,0.64
스기모토,KT,56011,5.07,48,1,2,0,14,0.333,49 2/3,59,4,12,5,48,35,28,1.43,0,0,0,1,225,864,6,2,2,1,1,5,0,1,0,1,2,20,0,4,53,46,1.15
김민수,KT,65048,5.75,33,2,3,1,2,0.400,36,40,4,14,1,33,25,23,1.50,0,0,0,1,162,578,7,1,3,1,4,3,0,0,0,2,6,6,0,1,41,30,1.37
오원석,KT,50859,5.83,16,4,6,0,0,0.400,78 2/3,97,8,23,1,77,54,51,1.53,0,0,5,0,346,1373,15,0,2,2,0,5,0,16,4,0,0,0,0,8,86,60,1.43
김정운,KT,53029,6.00,5,0,0,0,0,-,6,8,2,5,1,4,4,4,2.17,0,0,0,0,31,145,1,0,0,1,0,0,0,0,0,0,2,0,0,1,6,7,0.86
한승혁,KT,61666,6.68,35,3,2,0,10,0.600,32 1/3,39,4,22,0,37,26,24,1.89,0,0,0,4,157,601,3,2,3,1,1,5,0,0,0,3,3,16,0,3,31,25,1.24
이상동,KT,69054,7.41,20,0,1,0,7,0.000,17,16,3,7,0,11,15,14,1.35,0,0,0,1,71,266,3,0,0,1,0,0,0,0,0,0,1,6,0,2,16,21,0.76
한차현,KT,51058,10.80,2,0,1,0,0,0.000,6 2/3,15,3,2,0,6,9,8,2.55,0,0,0,0,35,130,2,0,0,1,0,0,0,1,0,0,0,0,0,1,8,4,2.00
문용익,KT,67419,11.57,3,0,1,0,0,0.000,7,12,2,5,0,6,9,9,2.43,0,0,0,0,37,151,4,0,0,1,0,1,0,2,0,0,0,0,0,0,7,7,1.00
한승주,KT,50726,16.88,4,0,0,0,1,-,2 2/3,7,1,2,0,3,6,5,3.38,0,0,0,0,18,76,0,0,0,0,0,0,0,0,0,0,0,0,0,0,2,4,0.50
임준형,KT,69113,18.00,1,0,0,0,0,-,1,4,0,0,0,1,2,2,4.00,0,0,0,0,7,19,0,1,1,0,0,0,0,0,0,0,0,0,0,0,0,1,0.00
박지훈,KT,56066,81.00,1,0,0,0,0,-,2/3,2,1,2,2,2,6,6,6.00,0,0,0,0,8,37,0,0,0,0,0,1,0,0,0,0,0,0,0,0,0,0,-
이민호,LG,50126,0.00,1,0,0,0,0,-,1,0,0,1,0,1,0,0,1.00,0,0,0,0,4,18,0,0,0,0,0,0,0,0,0,0,1,0,0,0,0,2,0.00
최지명,LG,68419,-,1,0,0,0,0,-,0,3,1,0,0,0,3,3,-,0,0,0,0,3,9,1,0,0,0,0,0,0,0,0,0,0,0,0,0,0,0,-
유영찬,LG,50106,0.75,13,0,1,11,0,0.000,12,4,0,6,0,12,1,1,0.83,0,0,0,0,45,182,0,0,0,0,0,0,0,0,0,0,12,12,0,1,8,15,0.53
김유영,LG,64596,1.80,5,0,0,0,0,-,5,3,0,4,0,8,1,1,1.40,0,0,0,0,21,96,1,0,0,0,0,0,0,0,0,0,0,0,0,0,3,3,1.00
이우찬,LG,61145,2.45,10,0,0,0,0,-,7 1/3,10,0,1,0,6,2,2,1.50,0,0,0,0,32,109,1,0,0,0,0,1,0,0,0,0,1,0,0,2,9,6,1.50
손주영,LG,67143,2.51,26,1,0,20,0,1.000,28 2/3,24,2,20,3,28,8,8,1.53,0,0,0,0,132,479,3,0,3,0,1,2,0,0,0,1,23,20,2,2,37,17,2.18
김영우,LG,55167,2.70,35,3,0,0,3,1.000,30,27,2,12,0,25,9,9,1.30,0,0,0,1,128,499,4,1,3,1,1,1,0,0,0,3,5,9,0,1,22,39,0.56
이종준,LG,50904,3.00,2,0,0,0,0,-,3,1,0,0,1,3,1,1,0.33,0,0,0,0,11,50,1,0,0,0,0,0,0,0,0,0,2,0,0,0,2,4,0.50
김진수,LG,51154,3.32,39,4,3,1,7,0.571,43 1/3,42,5,15,1,27,18,16,1.32,0,0,0,1,185,701,7,0,3,2,1,2,0,1,0,4,7,8,0,5,54,43,1.26
리오스,LG,56146,3.63,14,1,2,2,5,0.333,17 1/3,16,2,7,0,17,7,7,1.33,0,0,0,0,74,278,3,0,1,2,0,0,0,0,0,1,3,3,0,2,10,23,0.43
우강훈,LG,51526,3.66,46,0,1,0,16,0.000,39 1/3,35,3,15,3,36,20,16,1.27,0,0,0,2,170,638,4,1,0,0,0,1,0,0,0,0,1,20,0,4,52,29,1.79
웰스,LG,55348,3.67,17,5,5,0,0,0.500,90 2/3,79,10,27,2,78,43,37,1.17,0,0,7,0,380,1474,13,4,2,2,0,0,0,17,5,0,0,0,0,3,79,113,0.70
장현식,LG,63950,4.09,29,7,3,2,7,0.700,50 2/3,56,5,16,1,35,23,23,1.42,0,0,0,3,216,818,9,0,0,0,1,4,0,5,2,5,3,11,0,8,57,51,1.12
김진성,LG,75867,4.12,47,6,0,1,16,1.000,43 2/3,50,4,17,1,32,20,20,1.53,0,0,0,2,194,750,10,1,2,5,2,1,0,0,0,6,3,17,1,3,23,69,0.33
박시원,LG,55121,4.15,18,0,1,0,0,0.000,21 2/3,27,0,10,3,15,14,10,1.71,0,0,0,0,102,377,3,1,1,0,0,3,0,1,0,0,11,0,0,3,29,17,1.71
톨허스트,LG,55130,4.19,19,9,8,0,0,0.529,105 1/3,104,10,27,8,85,50,49,1.24,0,0,12,0,451,1686,19,0,3,4,0,3,1,19,9,0,0,0,0,4,90,134,0.67
임찬규,LG,61101,4.53,19,9,4,0,0,0.692,103 1/3,121,7,30,4,56,53,52,1.46,0,0,7,0,451,1656,20,0,4,3,0,1,0,19,9,0,0,0,0,9,102,134,0.76
김윤식,LG,50157,4.82,25,0,1,0,4,0.000,28,24,2,19,3,17,15,15,1.54,0,0,0,0,124,483,5,0,0,0,0,2,0,2,0,0,4,4,0,5,34,27,1.26
송승기,LG,51111,5.50,13,3,2,0,0,0.600,55 2/3,72,9,17,0,43,37,34,1.60,0,0,1,0,255,1083,11,2,2,2,0,4,0,13,3,0,0,0,0,3,50,71,0.70
함덕주,LG,63248,6.19,37,2,1,1,6,0.667,32,34,4,13,3,20,22,22,1.47,0,0,0,1,142,610,3,1,0,0,0,1,0,1,0,2,3,10,0,3,32,40,0.80
치리노스,LG,55146,6.68,8,2,3,0,0,0.400,33 2/3,47,4,14,4,28,26,25,1.81,0,0,0,0,164,648,8,0,3,1,0,1,0,8,2,0,0,0,0,5,43,25,1.72
이정용,LG,69134,7.14,20,1,3,0,1,0.250,46 2/3,71,4,20,3,22,42,37,1.95,0,0,0,0,230,808,9,2,2,3,0,3,0,8,1,0,4,3,0,4,61,51,1.20
김강률,LG,77263,9.00,2,0,0,0,0,-,1,3,0,2,0,1,1,1,5.00,0,0,0,0,8,42,0,0,0,0,0,1,0,0,0,0,0,0,0,0,0,2,0.00
조건희,LG,51163,9.00,2,0,0,0,0,-,2,4,1,2,0,1,2,2,3.00,0,0,0,0,12,47,0,0,0,0,0,0,0,0,0,0,1,0,0,0,2,3,0.67
조원태,LG,52149,9.00,1,0,0,0,0,-,1,1,0,1,1,1,1,1,2.00,0,0,0,0,6,16,0,0,0,1,0,0,0,0,0,0,1,0,0,0,0,2,0.00
배재준,LG,63145,10.07,20,1,2,0,2,0.333,19 2/3,26,2,15,4,18,22,22,2.08,0,0,0,1,103,391,4,0,2,1,0,2,0,0,0,1,3,5,0,2,15,23,0.65
성동현,LG,68159,11.12,5,0,0,0,0,-,5 2/3,10,2,4,1,5,8,7,2.47,0,0,0,0,33,126,0,0,0,0,0,0,0,0,0,0,4,0,0,0,6,7,0.86
백승현,LG,65109,11.81,6,0,0,0,0,-,5 1/3,6,2,4,0,6,7,7,1.88,0,0,0,0,25,108,0,0,0,0,0,2,0,0,0,0,1,0,0,1,5,4,1.25
이상영,LG,69168,14.54,2,0,1,0,0,0.000,4 1/3,11,1,3,0,1,7,7,3.23,0,0,0,0,23,81,2,0,0,0,0,0,0,1,0,0,1,0,0,3,6,2,3.00
양우진,LG,56165,27.00,1,0,0,0,0,-,2/3,3,1,1,0,0,3,2,6.00,0,0,0,0,7,25,0,0,0,0,0,1,0,0,0,0,1,0,0,0,1,2,0.50
김대현,LG,66145,108.00,1,0,0,0,0,-,1/3,5,1,1,0,0,5,4,18.00,0,0,0,0,7,30,2,0,0,0,0,0,0,0,0,0,0,0,0,0,0,1,0.00
이용준,NC,51948,0.00,4,0,1,0,0,0.000,4,2,0,0,0,2,1,0,0.50,0,0,0,0,14,60,0,0,0,0,0,0,0,0,0,0,0,1,0,0,2,8,0.25
홍재문,NC,55996,-,1,0,0,0,0,-,0,2,0,1,0,0,3,3,-,0,0,0,0,3,8,0,1,0,0,0,0,0,0,0,0,0,0,0,0,0,0,-
신영우,NC,53919,2.79,16,1,1,0,3,0.500,19 1/3,6,1,21,2,29,7,6,1.40,0,0,0,0,85,357,1,0,2,1,0,3,0,1,0,1,3,1,0,2,13,12,1.08
박지한,NC,69994,3.00,2,0,0,0,0,-,3,1,0,3,1,4,1,1,1.33,0,0,0,0,14,61,0,0,0,0,0,0,0,0,0,0,2,0,0,0,3,2,1.50
이준혁,NC,52992,3.00,19,0,0,0,1,-,18,18,0,13,4,14,10,6,1.72,0,0,0,0,90,343,1,0,2,1,1,2,0,0,0,0,5,1,0,2,28,11,2.55
라일리,NC,55903,3.09,13,5,0,0,0,1.000,75 2/3,66,11,18,0,100,27,26,1.11,0,0,7,0,305,1248,14,1,0,2,0,2,0,13,5,0,0,0,0,5,56,65,0.86
최우석,NC,54903,3.18,6,0,0,0,0,-,5 2/3,7,0,5,0,4,2,2,2.12,0,0,0,0,28,110,0,0,0,0,0,1,0,0,0,0,3,0,0,1,10,2,5.00
최성영,NC,66920,3.38,4,1,0,0,0,1.000,2 2/3,4,1,1,0,2,1,1,1.88,0,0,0,0,12,56,0,0,0,0,0,0,0,0,0,1,0,0,0,0,2,3,0.67
구창모,NC,65933,3.87,18,8,3,0,0,0.727,102 1/3,102,12,29,3,90,51,44,1.28,0,0,10,0,436,1628,18,3,4,2,1,4,0,18,8,0,0,0,0,9,116,92,1.26
김영규,NC,68900,3.92,28,1,2,0,2,0.333,20 2/3,23,2,17,1,19,9,9,1.94,0,0,0,0,104,375,5,0,3,2,2,1,0,0,0,1,2,5,0,0,16,25,0.64
전사민,NC,69969,4.10,44,3,5,6,4,0.375,41 2/3,32,1,19,8,34,23,19,1.22,0,0,0,3,184,656,5,1,5,3,1,6,0,0,0,3,18,17,1,3,55,31,1.77
테일러,NC,56966,4.27,18,7,4,0,0,0.636,99,92,4,40,12,74,52,47,1.33,0,0,7,0,422,1714,17,1,3,2,0,6,0,18,7,0,0,0,0,13,117,84,1.39
버하겐,NC,56928,4.68,6,1,1,0,0,0.500,25,23,2,11,1,24,13,13,1.36,0,0,0,0,109,447,2,1,2,1,0,1,0,6,1,0,0,0,0,1,22,26,0.85
신민혁,NC,68902,4.79,8,0,3,0,0,0.000,35 2/3,32,6,13,3,17,21,19,1.26,0,0,0,0,152,596,9,0,2,3,1,1,0,8,0,0,0,0,0,3,32,53,0.60
임지민,NC,52902,5.00,46,3,4,5,9,0.429,45,35,7,28,2,54,27,25,1.40,0,0,0,7,196,800,10,1,1,1,0,6,0,0,0,3,11,23,2,3,37,39,0.95
배재환,NC,64995,5.08,36,3,1,1,11,0.750,28 1/3,33,5,10,1,29,19,16,1.52,0,0,0,2,128,505,6,1,1,0,0,1,0,0,0,3,2,11,1,3,23,31,0.74
김태경,NC,50992,5.24,14,0,1,0,0,0.000,34 1/3,33,4,20,2,27,21,20,1.54,0,0,1,0,153,630,7,1,2,1,0,4,0,7,0,0,2,0,0,5,34,35,0.97
원종해,NC,54906,5.32,15,0,1,0,1,0.000,22,24,2,9,5,12,15,13,1.50,0,0,0,0,104,393,5,1,1,2,0,2,0,2,0,0,5,1,0,3,31,22,1.41
토다,NC,56911,5.38,18,4,8,0,0,0.333,92,108,14,31,1,77,61,55,1.51,1,0,5,0,409,1525,15,4,4,5,0,5,0,17,4,0,1,0,0,7,80,108,0.74
최요한,NC,56967,5.40,5,0,0,0,0,-,3 1/3,3,0,2,0,4,2,2,1.50,0,0,0,0,15,69,0,0,0,0,0,0,0,0,0,0,2,0,0,0,4,2,2.00
김태훈,NC,55995,5.59,11,0,1,0,0,0.000,9 2/3,8,1,4,1,9,8,6,1.24,0,0,0,1,42,190,0,0,1,0,0,2,0,0,0,0,0,1,0,0,7,12,0.58
김진호,NC,67954,5.60,41,2,3,1,12,0.400,35 1/3,27,4,38,1,29,23,22,1.84,0,0,0,2,167,690,6,1,4,1,0,4,1,0,0,2,3,14,0,1,31,37,0.84
김준원,NC,54910,5.93,11,0,1,0,0,0.000,13 2/3,13,2,11,3,17,15,9,1.76,0,0,0,0,69,292,2,0,0,1,0,1,0,1,0,0,6,0,0,1,14,11,1.27
송명기,NC,69962,6.23,10,0,0,0,0,-,8 2/3,13,2,10,1,12,6,6,2.65,0,0,0,0,51,220,0,0,0,0,1,1,0,0,0,0,1,2,0,0,5,10,0.50
임정호,NC,63959,6.75,15,0,0,0,1,-,9 1/3,10,1,4,0,9,7,7,1.50,0,0,0,0,42,173,3,0,0,0,0,1,0,0,0,0,2,3,0,1,8,11,0.73
손주환,NC,54904,7.71,19,1,0,0,0,1.000,16 1/3,18,2,12,1,21,18,14,1.84,0,0,0,0,82,346,3,0,1,1,1,1,0,0,0,1,2,1,0,0,15,14,1.07
목지훈,NC,53973,8.64,5,0,1,0,0,0.000,8 1/3,12,3,8,1,6,9,8,2.40,0,0,0,0,44,165,0,0,0,0,0,0,0,1,0,0,2,0,0,1,9,8,1.13
류진욱,NC,65949,9.51,30,2,7,3,1,0.222,23 2/3,33,6,13,4,23,25,25,1.94,0,0,0,2,120,517,5,1,2,0,0,0,0,0,0,2,16,8,0,1,26,19,1.37
하준영,NC,68639,11.25,9,0,0,0,0,-,8,7,1,8,0,10,10,10,1.88,0,0,0,0,38,169,0,0,0,2,1,1,0,0,0,0,4,0,0,1,2,11,0.18
아빌라,SSG,56801,1.50,3,2,0,0,0,1.000,18,12,0,7,0,18,3,3,1.06,0,0,3,0,70,285,1,0,0,0,0,2,0,3,2,0,0,0,0,1,22,11,2.00
조병현,SSG,51897,2.68,38,2,4,12,0,0.333,37,25,3,24,3,48,14,11,1.32,0,0,0,2,163,692,1,0,2,1,1,2,0,0,0,2,27,14,1,1,21,40,0.53
문승원,SSG,62869,3.53,40,2,1,0,9,0.667,43 1/3,36,4,20,6,19,21,17,1.29,0,0,0,2,188,740,6,0,2,3,2,1,0,0,0,2,4,7,0,5,51,54,0.94
정동윤,SSG,66858,3.86,3,0,0,0,0,-,4 2/3,1,0,4,1,4,2,2,1.07,0,0,0,0,19,88,0,0,0,0,0,2,0,0,0,0,2,0,0,1,6,3,2.00
화이트,SSG,55855,4.11,6,1,1,0,0,0.500,30 2/3,37,1,15,2,29,15,14,1.70,0,0,3,0,142,557,5,0,0,1,0,2,0,6,1,0,0,0,0,3,34,25,1.36
이건욱,SSG,64861,4.39,26,0,2,0,1,0.000,26 2/3,25,3,11,1,23,16,13,1.35,0,0,0,0,115,457,4,0,0,0,0,1,1,0,0,0,5,1,0,3,24,31,0.77
김민준,SSG,56840,4.55,7,3,2,0,0,0.600,31 2/3,26,1,18,2,26,16,16,1.39,0,0,2,0,139,574,7,0,0,1,0,2,0,7,3,0,0,0,0,4,30,37,0.81
노경은,SSG,73211,4.61,44,2,4,0,8,0.333,41,42,8,17,2,33,23,21,1.44,0,0,0,6,181,702,9,1,5,2,3,2,0,0,0,2,5,13,0,4,37,45,0.82
김민,SSG,68043,4.70,50,4,4,1,11,0.500,46,48,2,22,2,51,33,24,1.52,0,0,0,3,205,722,7,0,1,3,4,4,1,0,0,4,5,18,0,8,47,34,1.38
박시후,SSG,50812,4.75,30,0,1,0,1,0.000,36,36,5,16,3,31,24,19,1.44,0,0,0,1,161,620,7,0,1,3,0,2,0,0,0,0,5,2,0,4,32,42,0.76
최민준,SSG,68856,4.92,18,1,4,0,0,0.200,67 2/3,69,10,31,4,57,42,37,1.48,0,0,0,0,300,1159,7,0,1,2,0,3,1,14,1,0,2,0,0,8,76,62,1.23
서진용,SSG,61895,5.23,9,0,0,0,0,-,10 1/3,12,1,3,0,7,8,6,1.45,0,0,0,0,46,177,1,0,0,2,0,1,0,0,0,0,3,0,0,0,11,13,0.85
최용준,SSG,50650,5.73,10,0,0,0,0,-,11,12,2,8,2,8,7,7,1.82,0,0,0,0,54,225,5,1,1,0,1,0,0,0,0,0,5,0,0,1,9,14,0.64
한두솔,SSG,68092,5.76,28,0,1,0,0,0.000,29 2/3,36,2,9,6,23,20,19,1.52,0,0,0,0,140,499,4,1,1,2,0,0,0,0,0,0,14,0,0,0,31,34,0.91
이준기,SSG,51702,6.00,2,0,0,0,0,-,3,4,0,2,0,1,2,2,2.00,0,0,0,0,15,68,2,0,0,1,0,1,0,0,0,0,0,0,0,0,3,5,0.60
베니지아노,SSG,56841,6.10,16,2,5,0,0,0.286,79 2/3,98,14,32,9,68,59,54,1.63,0,0,1,0,372,1447,17,0,6,0,0,1,0,16,2,0,0,0,0,6,85,74,1.15
김건우,SSG,51867,6.32,19,7,7,0,0,0.500,89 2/3,105,13,51,7,69,67,63,1.74,0,0,3,0,421,1717,17,2,2,3,0,2,0,19,7,0,0,0,0,9,85,102,0.83
해치,SSG,56855,6.55,7,2,4,0,0,0.333,34 1/3,47,4,13,2,29,30,25,1.75,0,0,1,0,162,650,9,0,1,2,0,1,0,7,2,0,0,0,0,3,32,38,0.84
이로운,SSG,53892,6.58,44,5,3,0,7,0.625,39 2/3,42,6,24,1,37,29,29,1.66,0,0,0,2,182,753,9,0,2,1,5,1,0,0,0,5,2,8,0,4,30,46,0.65
타케다,SSG,56823,7.10,17,1,8,0,0,0.111,77 1/3,105,7,36,2,62,62,61,1.82,0,0,2,0,368,1414,18,1,1,3,0,6,0,17,1,0,0,0,0,4,93,69,1.35
전영준,SSG,52809,7.24,36,1,2,1,0,0.333,32 1/3,30,7,22,5,37,28,26,1.61,0,0,0,0,152,611,1,0,1,1,0,0,0,1,0,1,6,1,1,3,26,31,0.84
김도현,SSG,52844,7.71,6,0,0,0,0,-,7,7,1,10,0,5,6,6,2.43,0,0,0,0,37,155,2,0,0,0,0,1,0,0,0,0,2,0,0,1,6,9,0.67
장지훈,SSG,51895,8.31,12,0,0,0,0,-,17 1/3,21,3,6,2,9,16,16,1.56,0,0,0,0,80,281,4,0,0,0,1,0,0,0,0,0,3,0,0,1,21,21,1.00
이기순,SSG,52868,8.38,9,1,1,0,0,0.500,9 2/3,14,0,13,3,8,9,9,2.79,0,0,0,0,58,236,4,0,0,0,0,1,0,1,0,1,5,0,0,0,8,12,0.67
백승건,SSG,69839,9.00,7,0,0,0,0,-,11,12,1,13,0,9,12,11,2.27,0,0,0,0,59,255,4,1,1,3,0,0,0,2,0,0,1,1,0,0,8,16,0.50
긴지로,SSG,56800,9.56,4,0,3,0,0,0.000,16,18,5,14,1,18,17,17,2.00,0,0,0,0,81,357,2,0,2,2,0,0,1,4,0,0,0,0,0,0,8,20,0.40
변건우,SSG,54808,18.00,1,0,0,0,0,-,1,1,0,2,0,1,2,2,3.00,0,0,0,0,6,25,1,0,0,0,0,0,0,0,0,0,1,0,0,0,1,1,1.00
신상연,SSG,56808,27.00,2,0,0,0,0,-,2,3,1,6,0,1,6,6,4.50,0,0,0,0,15,63,0,0,0,0,0,0,0,0,0,0,0,0,0,0,4,1,4.00
김택형,SSG,65343,40.50,1,0,0,0,0,-,2/3,1,1,2,0,1,3,3,4.50,0,0,0,0,5,25,0,0,0,0,0,0,0,0,0,0,0,1,0,0,0,1,0.00
