playerId,순위,선수명,팀명,POS,G,GS,IP,E,PKO,PO,A,DP,FPCT,PB,SB,CS,CS%
64646,1,박찬호,두산,유격수,94,91,790 2/3,12,0,129,212,48,0.966,0,0,0,-
79231,2,정수빈,두산,중견수,93,87,758 2/3,2,0,199,2,0,0.990,0,0,0,-
53554,3,김민석,두산,좌익수,80,72,573,2,0,116,3,1,0.983,0,0,0,-
53296,4,윤준호,두산,포수,69,33,347,1,0,331,17,3,0.997,5,19,3,13.6
56251,5,카메론,두산,우익수,65,64,543 2/3,5,0,98,0,0,0.951,0,0,0,-
51203,6,안재석,두산,3루수,63,63,530 2/3,9,0,61,90,9,0.944,0,0,0,-
55252,7,박준순,두산,2루수,58,57,466 2/3,7,0,113,134,22,0.972,0,0,0,-
76232,8,양의지,두산,포수,55,53,408 1/3,1,0,386,27,3,0.998,4,42,6,12.5
63123,9,강승호,두산,1루수,52,33,324,2,0,259,28,24,0.993,0,0,0,-
67207,10,이유찬,두산,2루수,50,16,195,3,0,51,51,10,0.971,0,0,0,-
66209,11,조수행,두산,좌익수,46,1,101,0,0,28,1,0,1.000,0,0,0,-
52204,12,이병헌,두산,투수,43,0,32 1/3,2,0,2,5,1,0.778,0,0,0,-
68830,13,김정우,두산,투수,41,0,41 2/3,0,0,2,5,1,1.000,0,0,0,-
50204,13,박지훈,두산,3루수,41,28,269,4,0,20,41,2,0.938,0,0,0,-
66291,15,이영하,두산,투수,36,1,44,0,0,2,8,0,1.000,0,0,0,-
67266,16,박치국,두산,투수,34,0,28 1/3,0,0,1,6,1,1.000,0,0,0,-
77211,17,이용찬,두산,투수,29,0,27 2/3,0,1,1,6,1,1.000,0,0,0,-
54263,18,김택연,두산,투수,27,0,29 1/3,0,0,1,4,0,1.000,0,0,0,-
64153,19,양석환,두산,1루수,26,26,203,2,0,175,15,15,0.990,0,0,0,-
55215,19,양재훈,두산,투수,26,0,24 1/3,0,0,4,1,0,1.000,0,0,0,-
50208,22,오명진,두산,1루수,22,17,126 2/3,2,0,102,10,9,0.982,0,0,0,-
66112,23,김기연,두산,포수,21,10,98 1/3,1,0,104,8,2,0.991,1,8,2,20.0
68220,25,곽빈,두산,투수,19,19,109,0,0,5,6,0,1.000,0,0,0,-
55239,25,잭로그,두산,투수,19,19,101 1/3,0,0,1,19,1,1.000,0,0,0,-
53404,29,류승민,두산,우익수,18,14,131 1/3,0,0,29,0,0,1.000,0,0,0,-
55268,29,최민석,두산,투수,18,18,101 1/3,2,1,4,9,0,0.867,0,0,0,-
68249,31,박신지,두산,투수,17,1,26 2/3,0,0,1,1,0,1.000,0,0,0,-
56218,31,타무라,두산,투수,17,0,16,0,0,1,0,0,1.000,0,0,0,-
52043,33,벤자민,두산,투수,16,16,90 2/3,0,0,8,10,1,1.000,0,0,0,-
51264,33,최승용,두산,투수,16,16,79,0,0,2,9,2,1.000,0,0,0,-
53259,33,최준호,두산,투수,16,1,23,1,1,1,3,0,0.800,0,0,0,-
52206,33,최지강,두산,투수,16,0,13 1/3,0,0,2,2,1,1.000,0,0,0,-
51230,39,김동주,두산,투수,12,0,12,0,0,1,1,0,1.000,0,0,0,-
52202,39,윤태호,두산,투수,12,0,10 1/3,0,0,1,1,0,1.000,0,0,0,-
77532,42,손아섭,두산,좌익수,9,8,60,1,0,6,0,0,0.857,0,0,0,-
56215,43,최주형,두산,투수,8,0,7,1,0,0,0,0,0.000,0,0,0,-
65639,45,박정수,두산,투수,7,0,7,1,0,0,0,0,0.000,0,0,0,-
54236,45,임종성,두산,3루수,7,3,33,1,0,2,9,0,0.917,0,0,0,-
56212,45,타카다,두산,투수,7,3,18 2/3,0,1,2,3,0,1.000,0,0,0,-
69238,49,김대한,두산,우익수,6,4,43,1,0,10,0,0,0.909,0,0,0,-
56236,49,세베리노,두산,1루수,6,6,43,1,0,30,1,3,0.969,0,0,0,-
51298,55,박성재,두산,1루수,4,2,15,1,0,17,0,1,0.944,0,0,0,-
67246,57,김명신,두산,투수,3,0,2 2/3,0,0,0,1,0,1.000,0,0,0,-
63257,57,김인태,두산,좌익수,3,0,5,0,0,0,0,0,-,0,0,0,-
55221,57,김한중,두산,투수,3,0,3,0,0,0,0,0,-,0,0,0,-
67263,61,최원준,두산,투수,2,0,2,0,0,0,0,0,-,0,0,0,-
50234,61,플렉센,두산,투수,2,2,5,1,0,0,0,0,0.000,0,0,0,-
66233,61,홍성호,두산,1루수,2,0,2,0,0,1,0,0,1.000,0,0,0,-
54219,66,류현준,두산,포수,1,0,2,0,0,1,0,0,1.000,0,0,0,-
54214,66,전다민,두산,좌익수,1,0,1,0,0,0,0,0,-,0,0,0,-
68205,1,전민재,롯데,유격수,91,89,733,9,0,152,224,54,0.977,0,0,0,-
51528,2,손성빈,롯데,포수,89,72,608 1/3,7,5,569,62,9,0.989,1,27,11,28.9
54529,3,레이예스,롯데,좌익수,73,64,559 1/3,3,0,101,2,2,0.972,0,0,0,-
50500,4,황성빈,롯데,중견수,71,65,520 2/3,3,0,116,0,0,0.975,0,0,0,-
52591,5,윤동희,롯데,우익수,53,49,402 1/3,2,0,94,3,1,0.980,0,0,0,-
69517,6,고승민,롯데,2루수,52,51,388 2/3,1,0,89,127,28,0.995,0,0,0,-
51551,6,나승엽,롯데,1루수,52,50,395 1/3,6,0,349,27,33,0.984,0,0,0,-
62802,8,박승욱,롯데,3루수,42,24,233,0,0,13,43,3,1.000,0,0,0,-
62528,9,김원중,롯데,투수,41,0,37,1,0,2,4,0,0.857,0,0,0,-
50556,9,최준용,롯데,투수,41,0,42,0,0,3,5,0,1.000,0,0,0,-
56536,11,박정민,롯데,투수,39,0,34 1/3,1,0,4,4,0,0.889,0,0,0,-
68507,11,장두성,롯데,중견수,39,17,201,0,0,54,0,0,1.000,0,0,0,-
52568,11,한태양,롯데,2루수,39,31,270 1/3,2,0,63,88,13,0.987,0,0,0,-
68260,11,현도훈,롯데,투수,39,0,39,1,0,1,5,0,0.857,0,0,0,-
62931,15,노진혁,롯데,1루수,37,33,279 1/3,3,0,227,27,20,0.988,0,0,0,-
61102,16,유강남,롯데,포수,35,19,161 2/3,1,0,135,14,0,0.993,3,22,6,21.4
68242,17,정철원,롯데,투수,32,0,26,0,0,1,4,1,1.000,0,0,0,-
50150,18,손호영,롯데,3루수,31,21,191 2/3,4,0,16,38,5,0.931,0,0,0,-
68525,20,한동희,롯데,3루수,28,28,218,5,0,14,25,0,0.886,0,0,0,-
54598,22,이호준,롯데,2루수,23,5,72,0,0,17,26,9,1.000,0,0,0,-
78513,23,전준우,롯데,좌익수,22,22,161 2/3,1,0,32,1,0,0.971,0,0,0,-
65522,24,김강현,롯데,투수,21,0,21,0,0,0,3,0,1.000,0,0,0,-
52514,28,김세민,롯데,유격수,19,3,59 1/3,1,0,11,20,5,0.969,0,0,0,-
51516,30,김진욱,롯데,투수,18,18,104 1/3,1,0,3,8,0,0.917,0,0,0,-
67539,30,나균안,롯데,투수,18,18,103,0,0,4,14,0,1.000,0,0,0,-
56531,30,로드리게스,롯데,투수,18,18,100 1/3,0,1,7,13,1,1.000,0,0,0,-
64021,30,박세웅,롯데,투수,18,18,97,1,1,7,11,0,0.947,0,0,0,-
56523,30,비슬리,롯데,투수,18,18,96 1/3,0,0,6,12,0,1.000,0,0,0,-
52530,30,이민석,롯데,투수,18,5,48 2/3,0,0,2,2,0,1.000,0,0,0,-
55509,36,박건우,롯데,포수,16,4,51,0,0,50,5,1,1.000,1,0,1,100
52504,37,김동혁,롯데,우익수,15,0,32,0,0,9,0,0,1.000,0,0,0,-
68036,37,최이준,롯데,투수,15,0,13,0,0,1,1,1,1.000,0,0,0,-
54503,41,박준우,롯데,투수,13,0,16,0,1,1,4,1,1.000,0,0,0,-
50596,41,홍민기,롯데,투수,13,0,5 2/3,0,0,0,0,0,-,0,0,0,-
69508,45,신윤후,롯데,좌익수,12,0,17,0,0,7,0,0,1.000,0,0,0,-
56503,47,이이무라,롯데,투수,11,0,12 1/3,0,0,0,2,0,1.000,0,0,0,-
54537,47,정현수,롯데,투수,11,0,5,0,0,1,2,0,1.000,0,0,0,-
56548,50,쿄야마,롯데,투수,10,0,10 2/3,0,0,1,0,0,1.000,0,0,0,-
55530,52,박찬형,롯데,3루수,9,6,54,1,0,6,6,1,0.923,0,0,0,-
53562,53,이진하,롯데,투수,8,0,9,0,0,0,0,0,-,0,0,0,-
68518,53,정보근,롯데,포수,8,0,16,0,0,15,3,0,1.000,0,0,1,100
63543,55,구승민,롯데,투수,6,0,6,0,0,2,1,0,1.000,0,0,0,-
55502,55,김동현,롯데,좌익수,6,5,35 1/3,2,0,3,0,0,0.600,0,0,0,-
53540,59,김기준,롯데,투수,5,0,5,0,0,0,2,1,1.000,0,0,0,-
77564,59,김민성,롯데,3루수,5,3,33,0,0,3,6,0,1.000,0,0,0,-
66047,59,박세진,롯데,투수,5,0,1 1/3,0,0,0,0,0,-,0,0,0,-
55563,59,박재엽,롯데,포수,5,0,8 2/3,0,0,6,1,0,1.000,0,2,0,0.0
68529,59,이승헌,롯데,투수,5,0,4 2/3,0,0,0,2,0,1.000,0,0,0,-
52516,59,조세진,롯데,우익수,5,5,39,1,0,9,1,0,0.909,0,0,0,-
67588,67,윤성빈,롯데,투수,4,0,3 1/3,1,0,0,0,0,0.000,0,0,0,-
56595,70,김한홀,롯데,우익수,3,0,3,0,0,0,0,0,-,0,0,0,-
53568,70,정대선,롯데,좌익수,3,0,4,0,0,2,0,0,1.000,0,0,0,-
56563,74,이서준,롯데,유격수,2,0,3 2/3,0,0,0,1,0,1.000,0,0,0,-
62884,74,최항,롯데,1루수,2,0,10,1,0,7,0,3,0.875,0,0,0,-
51586,79,김창훈,롯데,투수,1,0,1,0,0,0,0,0,-,0,0,0,-
56567,79,신동건,롯데,투수,1,0,1,0,0,0,0,0,-,0,0,0,-
55503,79,이영재,롯데,투수,1,0,2/3,0,0,0,0,0,-,0,0,0,-
56554,79,이준서,롯데,투수,1,0,1,0,0,0,0,0,-,0,0,0,-
55534,79,조민영,롯데,우익수,1,1,8,0,0,2,0,0,1.000,0,0,0,-
66451,79,최충연,롯데,투수,1,0,1,0,0,0,0,0,-,0,0,0,-
54400,1,디아즈,삼성,1루수,95,95,814,5,0,727,78,69,0.994,0,0,0,-
62234,2,류지혁,삼성,2루수,88,80,671 2/3,9,0,170,199,45,0.976,0,0,0,-
50458,3,김지찬,삼성,중견수,80,74,614,1,0,148,3,0,0.993,0,0,0,-
65586,4,전병우,삼성,3루수,74,66,577 1/3,5,0,31,95,7,0.962,0,0,0,-
67449,5,김성윤,삼성,우익수,66,54,481 1/3,2,0,118,6,2,0.984,0,0,0,-
62404,6,구자욱,삼성,좌익수,64,63,496,4,0,108,1,0,0.965,0,0,0,-
74540,7,강민호,삼성,포수,63,52,400,3,0,329,23,5,0.992,4,35,8,18.6
63202,8,장승현,삼성,포수,52,7,138 1/3,0,0,140,5,0,1.000,0,5,1,16.7
50464,9,이승민,삼성,투수,49,0,45,0,0,3,7,1,1.000,0,0,0,-
65062,10,김재윤,삼성,투수,46,0,44 2/3,1,0,3,3,0,0.857,0,0,0,-
52415,11,이재현,삼성,유격수,44,42,330,9,0,63,99,21,0.947,0,0,0,-
60146,12,이승현,삼성,투수,43,0,34 2/3,0,0,0,3,0,1.000,0,0,0,-
55455,13,배찬승,삼성,투수,40,0,30,0,0,3,8,0,1.000,0,0,0,-
69418,14,박승규,삼성,우익수,39,33,276 1/3,3,0,73,1,0,0.961,0,0,0,-
69442,15,김도환,삼성,포수,37,26,200 1/3,1,1,172,12,2,0.995,2,12,7,36.8
61404,16,김헌곤,삼성,좌익수,36,12,130 1/3,0,0,29,0,0,1.000,0,0,0,-
56415,16,미야지,삼성,투수,36,0,30 2/3,0,0,1,2,0,1.000,0,0,0,-
69403,18,양우현,삼성,유격수,34,20,180 1/3,2,0,27,68,10,0.979,0,0,0,-
55425,19,김상준,삼성,유격수,30,13,123 2/3,1,0,13,24,7,0.974,0,0,0,-
62754,20,임기영,삼성,투수,27,0,38,0,0,0,5,0,1.000,0,0,0,-
52430,21,김영웅,삼성,3루수,25,23,202,3,0,18,45,5,0.955,0,0,0,-
62360,21,김태훈,삼성,투수,25,0,23 1/3,0,0,2,4,0,1.000,0,0,0,-
77446,21,백정현,삼성,투수,25,0,21 1/3,0,0,0,4,0,1.000,0,0,0,-
67421,21,최지광,삼성,투수,25,0,22,0,0,1,1,0,1.000,0,0,0,-
62244,26,박세혁,삼성,포수,24,9,104 1/3,0,0,68,11,0,1.000,0,13,0,0.0
64468,28,박계범,삼성,유격수,20,7,72,1,0,9,21,1,0.968,0,0,0,-
56460,29,장찬희,삼성,투수,19,8,56,1,0,5,7,0,0.923,0,0,0,-
56464,31,오러클린,삼성,투수,17,17,83 1/3,0,0,3,12,0,1.000,0,0,0,-
51460,31,이재희,삼성,투수,17,0,12 1/3,0,0,0,1,1,1.000,0,0,0,-
53375,31,후라도,삼성,투수,17,17,107,1,0,11,13,0,0.960,0,0,0,-
55438,34,심재훈,삼성,유격수,16,11,77,0,0,20,22,6,1.000,0,0,0,-
68415,34,양창섭,삼성,투수,16,13,72 1/3,0,0,5,15,0,1.000,0,0,0,-
69446,34,원태인,삼성,투수,16,16,89,1,2,6,20,0,0.963,0,0,0,-
65320,34,최원태,삼성,투수,16,16,85 2/3,1,0,6,13,1,0.950,0,0,0,-
69416,38,이해승,삼성,유격수,15,1,49,0,0,9,17,4,1.000,0,0,0,-
66409,40,이성규,삼성,좌익수,9,1,22 1/3,0,0,4,0,0,1.000,0,0,0,-
51417,42,김현준,삼성,중견수,7,2,34,0,0,8,0,0,1.000,0,0,0,-
72443,49,최형우,삼성,좌익수,5,5,37,0,0,8,0,0,1.000,0,0,0,-
53400,51,김재상,삼성,2루수,4,4,29 2/3,0,0,8,11,3,1.000,0,0,0,-
55440,51,함수호,삼성,우익수,4,1,15 2/3,0,0,2,0,0,1.000,0,0,0,-
68403,59,김무신,삼성,투수,3,0,1 2/3,0,0,0,0,0,-,0,0,0,-
67005,59,홍현빈,삼성,좌익수,3,1,13,0,0,0,0,0,-,0,0,0,-
55420,64,김백산,삼성,투수,2,2,10,0,0,0,1,0,1.000,0,0,0,-
52424,64,김재혁,삼성,중견수,2,0,3,0,0,2,0,0,1.000,0,0,0,-
54404,64,육선엽,삼성,투수,2,0,2 1/3,0,0,0,1,0,1.000,0,0,0,-
63492,64,이재익,삼성,투수,2,0,1 1/3,0,0,0,0,0,-,0,0,0,-
56469,64,정재훈,삼성,투수,2,0,1 1/3,0,0,0,1,1,1.000,0,0,0,-
56459,64,페덱,삼성,투수,2,2,12,0,0,0,0,0,-,0,0,0,-
56402,75,보스,삼성,투수,1,1,5,0,0,1,1,0,1.000,0,0,0,-
61268,75,양현,삼성,투수,1,0,1/3,0,0,0,0,0,-,0,0,0,-
68463,75,윤정빈,삼성,우익수,1,1,9,0,0,0,0,0,-,0,0,0,-
69428,75,이병헌,삼성,포수,1,0,2,0,0,1,0,0,1.000,0,0,0,-
51407,75,이창용,삼성,3루수,1,0,1,0,0,0,0,0,-,0,0,0,-
53312,1,김건희,키움,포수,85,68,625,6,0,537,51,9,0.990,2,43,20,31.7
55371,2,권혁빈,키움,유격수,64,61,473 2/3,4,0,76,127,31,0.981,0,0,0,-
54944,3,데이비슨,키움,1루수,62,61,463,6,0,394,29,33,0.986,0,0,0,-
76267,4,최주환,키움,1루수,56,49,421,4,0,348,28,39,0.989,0,0,0,-
52348,5,박찬혁,키움,우익수,50,46,376,0,0,81,2,1,1.000,0,0,0,-
78168,5,서건창,키움,2루수,50,48,419 1/3,3,0,101,113,23,0.986,0,0,0,-
56348,7,유토,키움,투수,42,0,38 2/3,0,0,0,6,0,1.000,0,0,0,-
65898,8,김웅빈,키움,3루수,40,30,279 1/3,3,0,16,37,5,0.946,0,0,0,-
76118,9,원종현,키움,투수,38,0,37 1/3,1,0,4,5,1,0.900,0,0,0,-
55394,10,박정훈,키움,투수,37,4,53,0,1,4,12,0,1.000,0,0,0,-
52305,11,박수종,키움,중견수,36,14,152,0,0,60,0,0,1.000,0,0,0,-
78756,12,오선진,키움,유격수,34,14,157 1/3,0,0,28,33,9,1.000,0,0,0,-
51301,13,김성진,키움,투수,32,0,31 1/3,0,0,0,3,0,1.000,0,0,0,-
69360,14,조영건,키움,투수,30,0,25,0,0,3,3,1,1.000,0,0,0,-
79608,15,안치홍,키움,2루수,29,28,235 2/3,2,0,47,77,15,0.984,0,0,0,-
64346,15,임병욱,키움,우익수,29,23,199 1/3,1,0,53,0,0,0.981,0,0,0,-
56305,17,히우라,키움,좌익수,28,28,241 2/3,2,0,82,0,0,0.976,0,0,0,-
55393,18,여동욱,키움,3루수,27,25,197,3,0,14,30,3,0.936,0,0,0,-
56337,19,박지성,키움,투수,25,0,31 2/3,0,0,2,7,0,1.000,0,0,0,-
50357,21,박주홍,키움,중견수,23,22,173,2,0,54,1,1,0.965,0,0,0,-
56322,21,브룩스,키움,1루수,23,18,170,0,0,148,12,13,1.000,0,0,0,-
53344,23,김동헌,키움,포수,22,18,156,1,0,149,14,2,0.994,0,14,3,17.6
63512,23,박진형,키움,투수,22,0,24,0,0,1,3,0,1.000,0,0,0,-
50167,23,이주형,키움,중견수,22,21,172 2/3,2,0,55,0,0,0.965,0,0,0,-
55392,26,어준서,키움,유격수,21,15,143 2/3,4,0,19,39,5,0.935,0,0,0,-
78135,26,이형종,키움,좌익수,21,17,134,0,0,32,0,0,1.000,0,0,0,-
67391,28,김재웅,키움,투수,19,0,20 1/3,0,0,0,4,0,1.000,0,0,0,-
64340,28,임지열,키움,좌익수,19,10,115,1,0,31,0,0,0.969,0,0,0,-
51761,31,배동현,키움,투수,18,13,78 1/3,1,0,2,9,0,0.917,0,0,0,-
69045,31,알칸타라,키움,투수,18,18,113,0,0,9,14,0,1.000,0,0,0,-
56345,33,정다훈,키움,투수,17,0,16,0,0,0,3,0,1.000,0,0,0,-
68362,33,추재현,키움,중견수,17,15,133,1,0,30,0,0,0.968,0,0,0,-
64350,33,하영민,키움,투수,17,14,79 1/3,0,0,6,8,0,1.000,0,0,0,-
55359,37,김서준,키움,투수,16,0,17 1/3,1,0,1,5,0,0.857,0,0,0,-
56326,37,김지석,키움,3루수,16,15,126,4,0,11,27,2,0.905,0,0,0,-
53305,39,박성빈,키움,포수,15,9,61,0,0,56,3,1,1.000,1,5,2,28.6
68341,39,안우진,키움,투수,15,15,67,1,0,2,7,0,0.900,0,0,0,-
67116,42,오석주,키움,투수,14,3,24 2/3,0,0,1,4,0,1.000,0,0,0,-
55370,44,양현종,키움,3루수,13,11,101,2,0,7,16,5,0.920,0,0,0,-
56318,48,박준현,키움,투수,12,12,56 2/3,1,0,3,7,2,0.909,0,0,0,-
56304,49,박한결,키움,2루수,11,10,90,1,0,21,29,6,0.980,0,0,0,-
54362,49,전준표,키움,투수,11,1,13 2/3,0,0,0,0,0,-,0,0,0,-
54394,52,송지후,키움,유격수,9,5,56 2/3,2,0,8,13,5,0.913,0,0,0,-
56338,52,최재영,키움,유격수,9,2,26 1/3,2,0,7,4,1,0.846,0,0,0,-
54303,55,박채울,키움,중견수,8,4,36,0,0,12,1,1,1.000,0,0,0,-
55301,55,이준우,키움,투수,8,0,8,0,0,0,0,0,-,0,0,0,-
66018,59,김선기,키움,투수,7,0,8 2/3,0,0,1,0,0,1.000,0,0,0,-
54319,59,김윤하,키움,투수,7,2,17,2,0,1,1,0,0.500,0,0,0,-
55322,59,로젠버그,키움,투수,7,7,30,0,0,0,2,0,1.000,0,0,0,-
52395,59,윤석원,키움,투수,7,0,7,0,0,0,1,0,1.000,0,0,0,-
67828,64,김성민,키움,투수,6,0,5,0,0,0,0,0,-,0,0,0,-
55377,64,정세영,키움,투수,6,2,14 2/3,0,0,0,3,0,1.000,0,0,0,-
55313,64,정현우,키움,투수,6,1,9 1/3,0,0,1,0,0,1.000,0,0,0,-
53164,67,김동규,키움,투수,5,0,3,0,0,0,0,0,-,0,0,0,-
62332,67,김재현,키움,포수,5,3,22 2/3,1,1,14,4,2,0.947,0,1,0,0.0
53301,67,박윤성,키움,투수,5,0,3 1/3,0,0,0,0,0,-,0,0,0,-
56334,67,와일스,키움,투수,5,5,25,0,0,0,3,0,1.000,0,0,0,-
55397,67,전태현,키움,좌익수,5,3,31,1,0,10,0,0,0.909,0,0,0,-
69332,67,주성원,키움,우익수,5,4,29,0,0,10,0,0,1.000,0,0,0,-
55339,75,염승원,키움,2루수,4,4,29,0,0,9,6,1,1.000,0,0,0,-
54307,75,원성준,키움,우익수,4,2,19 2/3,0,0,3,0,0,1.000,0,0,0,-
64984,80,김태진,키움,2루수,3,1,12 2/3,0,0,3,1,0,1.000,0,0,0,-
54368,85,김연주,키움,투수,2,1,3 1/3,0,0,0,1,0,1.000,0,0,0,-
56312,85,최현우,키움,투수,2,0,2,0,0,1,0,0,1.000,0,0,0,-
56366,92,이태양,키움,투수,1,0,1,0,0,0,0,0,-,0,0,0,-
54730,1,페라자,한화,우익수,87,86,679,2,0,135,5,2,0.986,0,0,0,-
64006,2,심우준,한화,유격수,85,77,661 2/3,11,0,128,205,42,0.968,0,0,0,-
69737,3,노시환,한화,3루수,81,81,717 2/3,10,0,52,150,22,0.953,0,0,0,-
52764,4,허인서,한화,포수,80,60,562 2/3,2,1,465,36,9,0.996,2,35,13,27.1
66704,5,김태연,한화,1루수,73,64,577 1/3,1,0,524,57,51,0.998,0,0,0,-
53764,6,문현빈,한화,좌익수,67,64,556 2/3,1,0,114,1,0,0.991,0,0,0,-
65703,7,이도윤,한화,2루수,62,55,470 1/3,3,0,135,153,41,0.990,0,0,0,-
54768,8,조동욱,한화,투수,48,0,38 1/3,1,0,0,10,2,0.909,0,0,0,-
68700,9,이원석,한화,중견수,45,32,273 2/3,0,0,64,2,2,1.000,0,0,0,-
56754,10,오재원,한화,중견수,43,22,232 2/3,3,0,68,1,0,0.958,0,0,0,-
67703,11,박상원,한화,투수,42,0,37 1/3,0,0,3,4,0,1.000,0,0,0,-
65616,11,이민우,한화,투수,42,0,43,1,1,3,4,0,0.875,0,0,0,-
78288,11,최재훈,한화,포수,42,32,254,2,0,223,16,3,0.992,3,8,5,38.5
54795,11,황영묵,한화,2루수,42,17,186 1/3,5,0,44,66,14,0.957,0,0,0,-
65117,15,이상규,한화,투수,39,0,42 2/3,2,0,2,7,0,0.818,0,0,0,-
55743,16,정우주,한화,투수,36,3,35 1/3,1,0,0,1,0,0.500,0,0,0,-
63765,17,김종수,한화,투수,30,0,23 2/3,0,1,1,4,0,1.000,0,0,0,-
52731,17,박준영,한화,투수,30,2,43,1,0,4,3,0,0.875,0,0,0,-
79192,19,채은성,한화,1루수,28,27,224 1/3,4,0,193,9,28,0.981,0,0,0,-
69213,23,윤산흠,한화,투수,22,0,22,0,1,3,4,0,1.000,0,0,0,-
62951,24,이형범,한화,투수,21,0,25 2/3,0,0,1,4,0,1.000,0,0,0,-
56719,25,왕옌청,한화,투수,19,19,97 1/3,1,0,7,8,0,0.938,0,0,0,-
66657,26,이진영,한화,중견수,18,14,103,0,0,26,1,0,1.000,0,0,0,-
76715,27,류현진,한화,투수,17,17,95,0,0,4,15,1,1.000,0,0,0,-
56712,28,에르난데스,한화,투수,16,16,71 1/3,2,0,2,5,0,0.778,0,0,0,-
56760,28,쿠싱,한화,투수,16,1,20 2/3,1,0,1,0,0,0.500,0,0,0,-
54729,28,황준서,한화,투수,16,4,26 1/3,0,0,0,5,0,1.000,0,0,0,-
69645,31,장유호,한화,투수,15,0,20 2/3,0,0,1,2,0,1.000,0,0,0,-
50705,32,강재민,한화,투수,14,0,12 2/3,0,0,0,2,1,1.000,0,0,0,-
50709,32,박정현,한화,유격수,14,5,49,2,0,6,8,2,0.875,0,0,0,-
56724,32,화이트,한화,투수,14,14,78 2/3,2,1,7,14,0,0.913,0,0,0,-
53754,37,김서현,한화,투수,12,0,8,0,0,0,2,0,1.000,0,0,0,-
50707,37,최인호,한화,우익수,12,2,37,0,0,9,0,0,1.000,0,0,0,-
56769,42,강건우,한화,투수,10,1,13 1/3,0,0,0,0,0,-,0,0,0,-
54702,42,원종혁,한화,투수,10,0,6 2/3,1,1,3,2,0,0.833,0,0,0,-
55764,45,권민규,한화,투수,9,0,9 1/3,0,0,0,0,0,-,0,0,0,-
52765,45,유민,한화,좌익수,9,4,41,0,0,10,0,0,1.000,0,0,0,-
54705,48,김도빈,한화,투수,6,0,4,0,0,0,0,0,-,0,0,0,-
52701,48,문동주,한화,투수,6,6,24 1/3,0,0,0,1,0,1.000,0,0,0,-
51762,50,장규현,한화,포수,5,1,14,0,0,8,1,0,1.000,0,0,1,100
52769,56,권광민,한화,우익수,3,0,6,0,0,0,0,0,-,0,0,0,-
53706,56,박재규,한화,투수,3,0,2,0,0,1,2,0,1.000,0,0,0,-
69205,56,이교훈,한화,투수,3,0,3 2/3,0,0,1,0,0,1.000,0,0,0,-
68743,56,정은원,한화,3루수,3,0,8,0,0,1,0,0,1.000,0,0,0,-
65707,56,주현상,한화,투수,3,0,2 1/3,0,0,0,0,0,-,0,0,0,-
55767,56,한지윤,한화,1루수,3,0,4,0,0,5,0,1,1.000,0,0,0,-
50710,68,김범준,한화,투수,1,0,2/3,0,0,0,1,0,1.000,0,0,0,-
65056,68,엄상백,한화,투수,1,0,1/3,0,0,0,0,0,-,0,0,0,-
56799,68,짐머맨,한화,투수,1,1,4,0,0,0,1,0,1.000,0,0,0,-
56793,68,최유빈,한화,유격수,1,0,1,0,0,0,1,0,1.000,0,0,0,-
65653,1,김호령,KIA,중견수,94,92,795,2,0,231,9,3,0.992,0,0,0,-
52605,2,김도영,KIA,3루수,85,84,707 2/3,4,0,68,152,18,0.982,0,0,0,-
68646,3,한준수,KIA,포수,76,64,572,4,0,472,35,7,0.992,1,62,13,17.3
62947,4,나성범,KIA,우익수,68,67,523,3,0,95,3,0,0.970,0,0,0,-
78603,5,김선빈,KIA,2루수,65,61,456 1/3,4,0,105,146,29,0.984,0,0,0,-
55636,6,박재현,KIA,좌익수,57,55,453 2/3,2,0,109,2,1,0.982,0,0,0,-
55926,6,정현창,KIA,유격수,57,5,154,3,0,22,46,10,0.958,0,0,0,-
50657,8,박민,KIA,유격수,53,42,316,5,0,48,66,15,0.958,0,0,0,-
65769,9,김범수,KIA,투수,49,0,35,1,0,3,2,0,0.833,0,0,0,-
66614,10,김규성,KIA,2루수,47,13,158 2/3,1,0,34,54,10,0.989,0,0,0,-
63342,11,조상우,KIA,투수,44,0,39 2/3,0,0,0,3,0,1.000,0,0,0,-
51994,12,한재승,KIA,투수,41,0,38,0,0,2,5,0,1.000,0,0,0,-
78122,13,김태군,KIA,포수,39,28,237 2/3,1,1,191,13,3,0.995,2,19,1,5.0
67609,14,박정우,KIA,우익수,38,3,89 2/3,0,0,19,0,0,1.000,0,0,0,-
54610,16,성영탁,KIA,투수,37,0,38 2/3,0,0,3,5,0,1.000,0,0,0,-
52639,16,최지민,KIA,투수,37,0,33,2,0,1,4,2,0.714,0,0,0,-
50662,18,정해영,KIA,투수,36,0,33 1/3,1,0,0,4,0,0.800,0,0,0,-
52634,21,박상준,KIA,1루수,31,29,221,4,0,197,11,16,0.981,0,0,0,-
56626,23,카스트로,KIA,좌익수,26,26,202 1/3,0,0,60,2,0,1.000,0,0,0,-
62700,23,하주석,KIA,2루수,26,23,187,4,0,49,50,16,0.961,0,0,0,-
53609,25,곽도규,KIA,투수,24,0,17,0,0,0,1,0,1.000,0,0,0,-
56632,27,데일,KIA,유격수,22,21,174 1/3,7,0,30,39,7,0.908,0,0,0,-
56613,27,아데를린,KIA,1루수,22,21,175,4,0,144,16,13,0.976,0,0,0,-
54640,30,네일,KIA,투수,20,20,115 2/3,2,0,7,15,1,0.917,0,0,0,-
52641,30,황동하,KIA,투수,20,13,76,1,0,6,5,0,0.917,0,0,0,-
56637,32,김민규,KIA,좌익수,19,5,63,0,0,14,0,0,1.000,0,0,0,-
55633,32,올러,KIA,투수,19,19,109 2/3,1,0,5,7,0,0.923,0,0,0,-
69727,34,변우혁,KIA,1루수,18,8,87,1,0,80,6,8,0.989,0,0,0,-
77637,34,양현종,KIA,투수,18,18,88 1/3,1,0,3,4,0,0.875,0,0,0,-
66609,34,전상현,KIA,투수,18,0,16,0,0,1,2,0,1.000,0,0,0,-
55610,37,김태형,KIA,투수,17,10,54,1,1,2,6,0,0.889,0,0,0,-
60768,37,이태양,KIA,투수,17,0,19 1/3,1,0,1,2,0,0.750,0,0,0,-
69636,40,오선우,KIA,1루수,15,10,97,1,0,104,7,3,0.991,0,0,0,-
55267,40,홍민규,KIA,투수,15,0,18 1/3,0,0,2,1,0,1.000,0,0,0,-
51648,42,이의리,KIA,투수,14,10,42,0,0,2,7,0,1.000,0,0,0,-
52667,43,윤도현,KIA,1루수,13,11,70 1/3,0,0,63,6,7,1.000,0,0,0,-
66354,44,주효상,KIA,포수,12,5,49,0,0,44,1,0,1.000,1,3,1,25.0
52628,45,한승연,KIA,좌익수,10,7,58,1,0,15,1,0,0.941,0,0,0,-
54843,49,시라카와,KIA,투수,8,7,34 1/3,0,1,1,3,0,1.000,0,0,0,-
76225,52,김건국,KIA,투수,6,0,5 2/3,0,0,0,0,0,-,0,0,0,-
68504,52,이호연,KIA,1루수,6,4,34 2/3,0,0,40,3,4,1.000,0,0,0,-
50641,57,장재혁,KIA,투수,4,0,6,0,0,1,0,0,1.000,0,0,0,-
68928,61,김시훈,KIA,투수,3,0,4,0,0,0,1,0,1.000,0,0,0,-
56633,61,지현,KIA,투수,3,0,4,0,0,0,0,0,-,0,0,0,-
61643,61,홍건희,KIA,투수,3,0,3,0,0,0,0,0,-,0,0,0,-
65610,61,황대인,KIA,1루수,3,1,9,0,0,10,0,1,1.000,0,0,0,-
61353,65,고종욱,KIA,좌익수,2,1,9,0,0,1,0,0,1.000,0,0,0,-
69620,65,김기훈,KIA,투수,2,0,1 2/3,0,0,0,0,0,-,0,0,0,-
69516,68,김현수,KIA,투수,1,0,2,0,0,0,0,0,-,0,0,0,-
55631,68,엄준현,KIA,유격수,1,0,1,0,0,0,0,0,-,0,0,0,-
64560,68,이창진,KIA,우익수,1,1,5,0,0,2,0,0,1.000,0,0,0,-
79402,1,김상수,KT,2루수,81,78,638 1/3,3,0,141,252,48,0.992,0,0,0,-
63722,2,한승택,KT,포수,77,64,516 1/3,0,2,448,43,3,1.000,4,34,15,30.6
66606,3,최원준,KT,우익수,68,57,517 2/3,1,0,105,2,1,0.991,0,0,0,-
76290,4,김현수,KT,1루수,67,66,538 2/3,2,0,476,49,53,0.996,0,0,0,-
51003,5,권동진,KT,유격수,65,42,389,6,0,84,113,29,0.970,0,0,0,-
56034,6,힐리어드,KT,좌익수,64,40,390,0,0,83,3,0,1.000,0,0,0,-
64166,7,배정대,KT,중견수,62,17,246 2/3,0,0,61,1,1,1.000,0,0,0,-
79240,8,허경민,KT,3루수,59,55,442,3,0,38,71,6,0.973,0,0,0,-
56006,9,이강민,KT,유격수,54,46,373 2/3,8,0,90,110,29,0.962,0,0,0,-
64004,10,김민혁,KT,좌익수,52,50,378,2,0,70,1,0,0.973,0,0,0,-
56011,12,스기모토,KT,투수,48,1,49 2/3,0,0,1,0,0,1.000,0,0,0,-
69047,13,전용주,KT,투수,44,0,33 2/3,0,0,3,8,1,1.000,0,0,0,-
64504,14,오윤석,KT,1루수,43,15,183,1,0,173,17,24,0.995,0,0,0,-
69041,15,손동현,KT,투수,40,0,38,1,0,3,0,1,0.750,0,0,0,-
52060,16,박영현,KT,투수,38,0,42 2/3,0,0,3,5,0,1.000,0,0,0,-
61666,17,한승혁,KT,투수,35,0,32 1/3,1,0,1,4,0,0.833,0,0,0,-
64115,18,장준원,KT,3루수,34,12,140,2,0,9,21,1,0.938,0,0,0,-
65048,19,김민수,KT,투수,33,0,36,0,0,1,6,0,1.000,0,0,0,-
73117,19,우규민,KT,투수,33,0,27,0,0,1,6,1,1.000,0,0,0,-
65060,19,주권,KT,투수,33,0,38 1/3,0,0,5,9,3,1.000,0,0,0,-
52001,22,안현민,KT,우익수,31,30,224,1,0,45,1,0,0.979,0,0,0,-
53036,23,류현인,KT,2루수,23,8,102,2,0,24,31,8,0.965,0,0,0,-
78548,23,장성우,KT,포수,23,18,155 1/3,0,0,129,8,1,1.000,1,17,1,5.6
50066,25,강현우,KT,포수,21,4,63 2/3,1,0,54,3,1,0.983,0,7,0,0.0
68089,25,조대현,KT,포수,21,6,80,0,0,68,5,0,1.000,1,3,2,40.0
69054,28,이상동,KT,투수,20,0,17,1,0,0,3,0,0.750,0,0,0,-
64001,31,고영표,KT,투수,18,18,104 1/3,0,0,11,10,2,1.000,0,0,0,-
56032,31,사우어,KT,투수,18,18,101 1/3,3,0,6,7,0,0.813,0,0,0,-
50859,34,오원석,KT,투수,16,16,78 2/3,2,0,4,13,2,0.895,0,0,0,-
50030,35,소형준,KT,투수,13,13,73 1/3,0,0,3,13,2,1.000,0,0,0,-
51013,35,유준규,KT,중견수,13,8,71,0,0,18,0,0,1.000,0,0,0,-
56036,38,보쉴리,KT,투수,11,11,62 2/3,0,0,2,5,0,1.000,0,0,0,-
66706,38,장진혁,KT,우익수,11,2,32 1/3,0,0,12,0,0,1.000,0,0,0,-
65516,41,배제성,KT,투수,9,6,29 1/3,0,0,0,4,0,1.000,0,0,0,-
67644,45,이정훈,KT,좌익수,7,0,11,0,0,4,0,0,1.000,0,0,0,-
55912,47,로건,KT,투수,6,6,33,1,0,1,3,0,0.800,0,0,0,-
69064,48,강민성,KT,1루수,5,0,9,0,0,10,0,0,1.000,0,0,0,-
53029,48,김정운,KT,투수,5,0,6,1,0,0,0,0,0.000,0,0,0,-
67006,48,안치영,KT,우익수,5,0,8 1/3,0,0,3,0,0,1.000,0,0,0,-
67807,51,이정범,KT,1루수,4,3,25 1/3,1,0,16,3,0,0.950,0,0,0,-
50726,51,한승주,KT,투수,4,0,2 2/3,0,0,0,0,0,-,0,0,0,-
67419,55,문용익,KT,투수,3,2,7,0,0,1,0,0,1.000,0,0,0,-
55005,60,오서진,KT,2루수,2,0,3,0,0,0,2,0,1.000,0,0,0,-
56005,60,이재원,KT,우익수,2,1,7,0,0,2,0,0,1.000,0,0,0,-
51058,60,한차현,KT,투수,2,1,6 2/3,0,0,1,0,0,1.000,0,0,0,-
54097,65,김민석,KT,포수,1,0,4,0,0,7,0,0,1.000,0,1,0,0.0
56066,65,박지훈,KT,투수,1,0,2/3,0,0,0,0,0,-,0,0,0,-
69113,65,임준형,KT,투수,1,0,1,0,0,0,0,0,-,0,0,0,-
53058,65,정준영,KT,좌익수,1,0,1,0,0,1,0,0,1.000,0,0,0,-
62415,1,박해민,LG,중견수,95,89,748 1/3,0,0,244,7,3,1.000,0,0,0,-
65207,2,신민재,LG,2루수,91,77,683,5,0,166,216,48,0.987,0,0,0,-
79365,3,박동원,LG,포수,86,75,654 1/3,3,3,520,35,0,0.995,4,61,14,18.7
79109,4,오지환,LG,유격수,85,77,642 2/3,14,0,109,186,41,0.955,0,0,0,-
66108,5,홍창기,LG,우익수,81,76,642 1/3,1,0,152,5,1,0.994,0,0,0,-
53123,6,오스틴,LG,1루수,64,61,515 1/3,5,0,441,42,39,0.990,0,0,0,-
68119,7,문성주,LG,좌익수,56,45,411 2/3,1,0,104,1,0,0.991,0,0,0,-
69100,8,구본혁,LG,3루수,55,24,260 1/3,3,0,15,42,2,0.950,0,0,0,-
75867,9,김진성,LG,투수,47,0,43 2/3,1,0,1,3,0,0.800,0,0,0,-
51526,10,우강훈,LG,투수,46,0,39 1/3,1,0,3,4,0,0.875,0,0,0,-
68110,11,송찬의,LG,좌익수,43,40,311 2/3,1,0,72,2,0,0.987,0,0,0,-
52154,12,이주헌,LG,포수,42,20,177,2,0,133,6,2,0.986,1,12,3,20.0
51154,13,김진수,LG,투수,39,1,43 1/3,0,0,2,10,1,1.000,0,0,0,-
50054,14,천성호,LG,3루수,38,31,248 2/3,8,0,23,37,2,0.882,0,0,0,-
63248,15,함덕주,LG,투수,37,1,32,0,0,1,5,0,1.000,0,0,0,-
55167,17,김영우,LG,투수,35,0,30,0,0,1,2,0,1.000,0,0,0,-
63950,18,장현식,LG,투수,29,5,50 2/3,0,1,3,7,1,1.000,0,0,0,-
51100,19,이영빈,LG,3루수,27,10,92 2/3,2,0,11,27,2,0.950,0,0,0,-
67143,20,손주영,LG,투수,26,0,28 2/3,1,0,0,5,0,0.833,0,0,0,-
50157,22,김윤식,LG,투수,25,2,28,0,0,4,3,1,1.000,0,0,0,-
69102,22,문보경,LG,3루수,25,23,191,1,0,22,38,6,0.984,0,0,0,-
52121,22,문정빈,LG,1루수,25,20,160 2/3,1,0,155,10,20,0.994,0,0,0,-
63145,25,배재준,LG,투수,20,0,19 2/3,0,0,0,2,1,1.000,0,0,0,-
69134,25,이정용,LG,투수,20,8,46 2/3,0,0,3,4,1,1.000,0,0,0,-
61101,27,임찬규,LG,투수,19,19,103 1/3,0,1,7,14,0,1.000,0,0,0,-
55130,27,톨허스트,LG,투수,19,19,105 1/3,0,1,5,7,0,1.000,0,0,0,-
55121,30,박시원,LG,투수,18,1,21 2/3,1,0,0,2,0,0.667,0,0,0,-
55348,31,웰스,LG,투수,17,17,90 2/3,0,0,1,6,0,1.000,0,0,0,-
56146,35,리오스,LG,투수,14,0,17 1/3,0,0,1,0,0,1.000,0,0,0,-
51111,36,송승기,LG,투수,13,13,55 2/3,0,0,1,5,0,1.000,0,0,0,-
50106,36,유영찬,LG,투수,13,0,12,0,0,1,0,0,1.000,0,0,0,-
68106,36,이재원,LG,좌익수,13,8,70 2/3,0,0,13,0,0,1.000,0,0,0,-
61145,41,이우찬,LG,투수,10,0,7 1/3,0,0,0,0,0,-,0,0,0,-
54166,43,김현종,LG,좌익수,8,0,15,0,0,6,0,0,1.000,0,0,0,-
52103,43,최원영,LG,중견수,8,1,22,0,0,12,0,0,1.000,0,0,0,-
55146,43,치리노스,LG,투수,8,8,33 2/3,1,0,3,9,0,0.923,0,0,0,-
64596,50,김유영,LG,투수,5,0,5,0,0,0,0,0,-,0,0,0,-
65109,50,백승현,LG,투수,5,0,5 1/3,0,0,0,0,0,-,0,0,0,-
68159,50,성동현,LG,투수,5,0,5 2/3,0,0,1,1,0,1.000,0,0,0,-
53103,56,강민균,LG,2루수,2,0,3,0,0,1,1,1,1.000,0,0,0,-
77263,56,김강률,LG,투수,2,0,1,0,0,0,0,0,-,0,0,0,-
64793,56,김민수,LG,포수,2,0,7,0,0,5,0,0,1.000,0,0,0,-
69105,56,김성진,LG,1루수,2,0,4,0,0,5,0,0,1.000,0,0,0,-
69168,56,이상영,LG,투수,2,1,4 1/3,0,0,0,0,0,-,0,0,0,-
50904,56,이종준,LG,투수,2,0,3,0,0,0,0,0,-,0,0,0,-
51163,56,조건희,LG,투수,2,0,2,0,0,2,0,0,1.000,0,0,0,-
66145,64,김대현,LG,투수,1,0,1/3,0,0,0,0,0,-,0,0,0,-
66162,64,김주성,LG,중견수,1,0,3,1,0,1,0,0,0.500,0,0,0,-
54156,64,손용준,LG,3루수,1,0,1,0,0,1,0,0,1.000,0,0,0,-
56165,64,양우진,LG,투수,1,0,2/3,0,0,0,0,0,-,0,0,0,-
50126,64,이민호,LG,투수,1,0,1,0,0,0,0,0,-,0,0,0,-
52149,64,조원태,LG,투수,1,0,1,0,0,0,0,0,-,0,0,0,-
68419,64,최지명,LG,투수,1,0,0,0,0,0,0,0,-,0,0,0,-
51907,1,김주원,NC,유격수,89,87,749 2/3,14,0,136,225,51,0.963,0,0,0,-
68912,2,김형준,NC,포수,83,67,564,4,1,523,46,2,0.993,3,30,10,25.0
62907,3,박민우,NC,2루수,81,79,628 1/3,3,0,159,189,40,0.991,0,0,0,-
63260,4,이우성,NC,좌익수,62,61,445 2/3,0,0,101,0,0,1.000,0,0,0,-
69992,5,최정원,NC,중견수,53,33,299 1/3,1,0,69,1,0,0.986,0,0,0,-
79215,6,박건우,NC,우익수,47,47,339 1/3,0,0,57,2,0,1.000,0,0,0,-
52902,7,임지민,NC,투수,46,0,45,0,0,3,1,0,1.000,0,0,0,-
64022,8,안중열,NC,포수,45,23,221,1,0,200,21,3,0.995,2,17,5,22.7
69969,9,전사민,NC,투수,44,0,41 2/3,2,0,3,10,0,0.867,0,0,0,-
67905,10,천재환,NC,중견수,42,29,262,2,0,63,0,0,0.969,0,0,0,-
67954,11,김진호,NC,투수,41,0,35 1/3,0,0,0,3,0,1.000,0,0,0,-
64101,12,한석현,NC,우익수,37,12,151 1/3,1,0,30,0,0,0.968,0,0,0,-
51344,13,김휘집,NC,3루수,36,36,284,1,0,23,54,5,0.987,0,0,0,-
64995,13,배재환,NC,투수,36,0,28 1/3,0,0,0,2,0,1.000,0,0,0,-
63963,15,권희동,NC,좌익수,32,19,164 2/3,0,0,31,1,0,1.000,0,0,0,-
65949,16,류진욱,NC,투수,30,0,23 2/3,0,0,1,2,0,1.000,0,0,0,-
69995,16,서호철,NC,3루수,30,26,192 2/3,6,0,22,34,3,0.903,0,0,0,-
66965,18,도태훈,NC,1루수,29,3,78,0,0,70,8,8,1.000,0,0,0,-
68900,19,김영규,NC,투수,28,0,20 2/3,0,0,0,1,0,1.000,0,0,0,-
50902,19,김한별,NC,3루수,28,13,156,0,0,13,30,2,1.000,0,0,0,-
50996,23,박시원,NC,우익수,22,6,75 2/3,0,0,18,2,0,1.000,0,0,0,-
56909,24,신재인,NC,1루수,21,11,118 2/3,1,0,95,13,10,0.991,0,0,0,-
54904,27,손주환,NC,투수,19,0,16 1/3,1,0,0,2,0,0.667,0,0,0,-
52992,27,이준혁,NC,투수,19,0,18,3,0,4,1,0,0.625,0,0,0,-
65933,29,구창모,NC,투수,18,18,102 1/3,1,2,3,9,0,0.923,0,0,0,-
56966,29,테일러,NC,투수,18,18,99,2,0,6,11,1,0.895,0,0,0,-
56911,29,토다,NC,투수,18,17,92,1,0,5,6,0,0.917,0,0,0,-
53919,35,신영우,NC,투수,16,1,19 1/3,0,0,0,2,0,1.000,0,0,0,-
54906,36,원종해,NC,투수,15,2,22,0,0,4,7,1,1.000,0,0,0,-
63959,36,임정호,NC,투수,15,0,9 1/3,0,0,1,0,0,1.000,0,0,0,-
56949,39,고준휘,NC,좌익수,14,7,59,2,0,12,0,0,0.857,0,0,0,-
50992,39,김태경,NC,투수,14,7,34 1/3,1,0,1,1,0,0.667,0,0,0,-
55903,42,라일리,NC,투수,13,13,75 2/3,0,0,2,3,0,1.000,0,0,0,-
56950,42,블레인,NC,1루수,13,13,98 1/3,2,0,91,8,15,0.980,0,0,0,-
68904,44,오영수,NC,1루수,12,7,58 1/3,1,0,55,4,5,0.983,0,0,0,-
54910,46,김준원,NC,투수,11,1,13 2/3,0,0,1,2,0,1.000,0,0,0,-
55995,46,김태훈,NC,투수,11,0,9 2/3,0,0,0,1,0,1.000,0,0,0,-
69962,49,송명기,NC,투수,10,0,8 2/3,0,0,1,1,0,1.000,0,0,0,-
51996,49,오태양,NC,중견수,10,2,23 1/3,1,0,5,0,0,0.833,0,0,0,-
51903,51,김정호,NC,포수,9,2,25 2/3,1,0,21,3,0,0.960,0,2,0,0.0
68639,51,하준영,NC,투수,9,0,8,0,0,0,0,0,-,0,0,0,-
68902,55,신민혁,NC,투수,8,8,35 2/3,0,0,2,3,1,1.000,0,0,0,-
51991,55,오장한,NC,우익수,8,5,53,0,0,6,0,0,1.000,0,0,0,-
56928,57,버하겐,NC,투수,6,6,25,0,0,1,0,0,1.000,0,0,0,-
54903,57,최우석,NC,투수,6,0,5 2/3,0,0,1,1,0,1.000,0,0,0,-
53973,62,목지훈,NC,투수,5,1,8 1/3,0,1,2,2,0,1.000,0,0,0,-
56967,62,최요한,NC,투수,5,0,3 1/3,0,0,0,0,0,-,0,0,0,-
51948,64,이용준,NC,투수,4,0,4,0,0,0,0,0,-,0,0,0,-
66920,64,최성영,NC,투수,4,0,2 2/3,0,0,1,0,0,1.000,0,0,0,-
50903,68,한재환,NC,1루수,3,1,20,0,0,15,3,2,1.000,0,0,0,-
69994,71,박지한,NC,투수,2,0,3,0,0,0,0,0,-,0,0,0,-
50092,71,윤준혁,NC,중견수,2,0,8,0,0,2,0,0,1.000,0,0,0,-
56904,71,허윤,NC,2루수,2,0,3,0,0,1,2,0,1.000,0,0,0,-
53989,75,신성호,NC,2루수,1,0,2,0,0,0,2,1,1.000,0,0,0,-
55996,75,홍재문,NC,투수,1,0,0,0,0,0,0,0,-,0,0,0,-
67893,1,박성한,SSG,유격수,97,92,772 2/3,14,0,147,216,57,0.963,0,0,0,-
50854,2,최지훈,SSG,중견수,95,91,803,4,0,241,4,1,0.984,0,0,0,-
54812,3,정준재,SSG,2루수,94,87,762,2,0,173,271,62,0.996,0,0,0,-
53827,4,에레디아,SSG,좌익수,78,67,585 1/3,3,0,138,1,1,0.979,0,0,0,-
51865,5,조형우,SSG,포수,71,68,557 2/3,5,3,488,37,4,0.991,4,36,9,20.0
60558,6,오태곤,SSG,1루수,60,40,386 1/3,4,0,329,28,32,0.989,0,0,0,-
68043,7,김민,SSG,투수,50,0,46,1,0,1,3,0,0.800,0,0,0,-
62934,8,김성욱,SSG,우익수,49,25,243 1/3,0,0,51,2,0,1.000,0,0,0,-
75847,9,최정,SSG,3루수,45,45,379,2,0,20,79,11,0.980,0,0,0,-
73211,10,노경은,SSG,투수,44,0,41,2,1,2,9,0,0.846,0,0,0,-
53892,10,이로운,SSG,투수,44,0,39 2/3,0,0,1,2,1,1.000,0,0,0,-
62869,12,문승원,SSG,투수,40,0,43 1/3,2,0,3,11,0,0.875,0,0,0,-
51897,13,조병현,SSG,투수,38,0,37,0,0,1,3,0,1.000,0,0,0,-
50820,14,전의산,SSG,1루수,37,36,291 2/3,4,0,273,18,32,0.986,0,0,0,-
52809,15,전영준,SSG,투수,36,1,32 1/3,0,0,0,1,0,1.000,0,0,0,-
79456,16,이지영,SSG,포수,34,18,185,1,0,157,15,3,0.994,1,16,5,23.8
50812,17,박시후,SSG,투수,30,0,36,0,1,1,3,0,1.000,0,0,0,-
68092,18,한두솔,SSG,투수,28,0,29 2/3,0,0,2,5,0,1.000,0,0,0,-
66864,19,안상현,SSG,3루수,27,18,159 1/3,4,0,10,22,3,0.889,0,0,0,-
62895,19,한유섬,SSG,우익수,27,24,181,0,0,33,2,0,1.000,0,0,0,-
51868,21,고명준,SSG,3루수,26,24,196 1/3,5,0,22,23,2,0.900,0,0,0,-
64861,21,이건욱,SSG,투수,26,0,26 2/3,1,0,0,0,0,0.000,0,0,0,-
69804,23,채현우,SSG,우익수,24,11,92 1/3,0,0,28,0,0,1.000,0,0,0,-
78224,25,김재환,SSG,좌익수,21,20,148 2/3,0,0,34,0,0,1.000,0,0,0,-
55897,25,홍대인,SSG,3루수,21,7,75 1/3,0,0,6,13,2,1.000,0,0,0,-
51867,27,김건우,SSG,투수,19,19,89 2/3,0,0,3,7,0,1.000,0,0,0,-
68856,28,최민준,SSG,투수,18,14,67 2/3,0,0,4,6,1,1.000,0,0,0,-
56823,29,타케다,SSG,투수,17,17,77 1/3,0,0,6,9,0,1.000,0,0,0,-
56841,30,베니지아노,SSG,투수,16,16,79 2/3,1,0,2,18,1,0.952,0,0,0,-
68868,30,최준우,SSG,우익수,16,9,83,0,0,18,0,0,1.000,0,0,0,-
62864,33,김민식,SSG,포수,14,8,70 1/3,0,0,64,3,2,1.000,4,4,2,33.3
51895,38,장지훈,SSG,투수,12,0,17 1/3,0,0,1,1,0,1.000,0,0,0,-
66662,39,신범수,SSG,포수,11,3,41 1/3,0,0,33,4,1,1.000,1,0,0,-
53865,41,김정민,SSG,우익수,10,1,29 1/3,0,0,6,0,0,1.000,0,0,0,-
50650,41,최용준,SSG,투수,10,0,11,0,0,0,0,0,-,0,0,0,-
61895,43,서진용,SSG,투수,9,0,10 1/3,0,0,0,0,0,-,0,0,0,-
52868,43,이기순,SSG,투수,9,1,9 2/3,0,0,0,0,0,-,0,0,0,-
56840,46,김민준,SSG,투수,7,7,31 2/3,1,1,0,5,0,0.833,0,0,0,-
69839,46,백승건,SSG,투수,7,2,11,0,0,0,1,0,1.000,0,0,0,-
56855,46,해치,SSG,투수,7,7,34 1/3,1,1,1,6,0,0.875,0,0,0,-
52844,49,김도현,SSG,투수,6,0,7,0,0,0,2,0,1.000,0,0,0,-
52807,49,임근우,SSG,우익수,6,5,48,0,0,11,1,0,1.000,0,0,0,-
55894,49,최윤석,SSG,3루수,6,2,26 1/3,0,0,2,4,0,1.000,0,0,0,-
55855,49,화이트,SSG,투수,6,6,30 2/3,2,0,0,4,0,0.667,0,0,0,-
56813,55,마드리스,SSG,좌익수,5,5,43,0,0,11,0,0,1.000,0,0,0,-
56800,58,긴지로,SSG,투수,4,4,16,0,0,0,0,0,-,0,0,0,-
69825,58,김창평,SSG,우익수,4,2,18 2/3,0,0,4,0,0,1.000,0,0,0,-
56801,62,아빌라,SSG,투수,3,3,18,0,0,0,1,0,1.000,0,0,0,-
66858,62,정동윤,SSG,투수,3,0,4 2/3,0,0,0,1,0,1.000,0,0,0,-
52804,65,석정우,SSG,3루수,2,0,2,0,0,0,0,0,-,0,0,0,-
56808,65,신상연,SSG,투수,2,0,2,0,0,0,0,0,-,0,0,0,-
51702,65,이준기,SSG,투수,2,0,3,0,0,0,0,0,-,0,0,0,-
65343,70,김택형,SSG,투수,1,0,2/3,0,0,0,0,0,-,0,0,0,-
50868,70,류효승,SSG,1루수,1,0,1,0,0,0,0,0,-,0,0,0,-
54808,70,변건우,SSG,투수,1,0,1,0,0,0,0,0,-,0,0,0,-
